document_id,source_id,document_type,split,is_augmented,augmentation_type,image_path,annotation_path,image_width,image_height,watermark_tag,created_date
SYN-BIS-000001,SYN-BIS-000001,bis,train,False,,synthetic_doc_dataset\raw\bis\images\SYN-BIS-000001.png,synthetic_doc_dataset\annotations\bis\SYN-BIS-000001.json,1240,1754,SYNTHETIC / DEMO / NOT VALID,2026-09-05T07:34:57.584787+00:00
SYN-BIS-000001_blur,SYN-BIS-000001,bis,train,True,blur,synthetic_doc_dataset\augmented\bis\images\SYN-BIS-000001_blur.png,synthetic_doc_dataset\annotations\bis\SYN-BIS-000001.json,1240,1754,SYNTHETIC / DEMO / NOT VALID,2026-09-05T07:34:57.678163+00:00
SYN-BIS-000001_rotate,SYN-BIS-000001,bis,train,True,rotate,synthetic_doc_dataset\augmented\bis\images\SYN-BIS-000001_rotate.png,synthetic_doc_dataset\annotations\bis\SYN-BIS-000001.json,1240,1754,SYNTHETIC / DEMO / NOT VALID,2026-09-05T07:34:57.731068+00:00
SYN-BIS-000001_low_contrast,SYN-BIS-000001,bis,train,True,low_contrast,synthetic_doc_dataset\augmented\bis\images\SYN-BIS-000001_low_contrast.png,synthetic_doc_dataset\annotations\bis\SYN-BIS-000001.json,1240,1754,SYNTHETIC / DEMO / NOT VALID,2026-09-05T07:34:57.791931+00:00
SYN-BIS-000001_low_resolution,SYN-BIS-000001,bis,train,True,low_resolution,synthetic_doc_dataset\augmented\bis\images\SYN-BIS-000001_low_resolution.png,synthetic_doc_dataset\annotations\bis\SYN-BIS-000001.json,1240,1754,SYNTHETIC / DEMO / NOT VALID,2026-09-05T07:34:57.861821+00:00
SYN-BIS-000002,SYN-BIS-000002,bis,train,False,,synthetic_doc_dataset\raw\bis\images\SYN-BIS-000002.png,synthetic_doc_dataset\annotations\bis\SYN-BIS-000002.json,1240,1754,SYNTHETIC / DEMO / NOT VALID,2026-09-05T07:34:58.042536+00:00
SYN-BIS-000002_blur,SYN-BIS-000002,bis,train,True,blur,synthetic_doc_dataset\augmented\bis\images\SYN-BIS-000002_blur.png,synthetic_doc_dataset\annotations\bis\SYN-BIS-000002.json,1240,1754,SYNTHETIC / DEMO / NOT VALID,2026-09-05T07:34:58.120698+00:00
SYN-BIS-000002_rotate,SYN-BIS-000002,bis,train,True,rotate,synthetic_doc_dataset\augmented\bis\images\SYN-BIS-000002_rotate.png,synthetic_doc_dataset\annotations\bis\SYN-BIS-000002.json,1240,1754,SYNTHETIC / DEMO / NOT VALID,2026-09-05T07:34:58.155932+00:00
SYN-BIS-000002_low_contrast,SYN-BIS-000002,bis,train,True,low_contrast,synthetic_doc_dataset\augmented\bis\images\SYN-BIS-000002_low_contrast.png,synthetic_doc_dataset\annotations\bis\SYN-BIS-000002.json,1240,1754,SYNTHETIC / DEMO / NOT VALID,2026-09-05T07:34:58.199279+00:00
SYN-BIS-000002_low_resolution,SYN-BIS-000002,bis,train,True,low_resolution,synthetic_doc_dataset\augmented\bis\images\SYN-BIS-000002_low_resolution.png,synthetic_doc_dataset\annotations\bis\SYN-BIS-000002.json,1240,1754,SYNTHETIC / DEMO / NOT VALID,2026-09-05T07:34:58.256571+00:00
SYN-BIS-000003,SYN-BIS-000003,bis,train,False,,synthetic_doc_dataset\raw\bis\images\SYN-BIS-000003.png,synthetic_doc_dataset\annotations\bis\SYN-BIS-000003.json,1240,1754,SYNTHETIC / DEMO / NOT VALID,2026-09-05T07:34:58.419852+00:00
SYN-BIS-000003_blur,SYN-BIS-000003,bis,train,True,blur,synthetic_doc_dataset\augmented\bis\images\SYN-BIS-000003_blur.png,synthetic_doc_dataset\annotations\bis\SYN-BIS-000003.json,1240,1754,SYNTHETIC / DEMO / NOT VALID,2026-09-05T07:34:58.495565+00:00
SYN-BIS-000003_rotate,SYN-BIS-000003,bis,train,True,rotate,synthetic_doc_dataset\augmented\bis\images\SYN-BIS-000003_rotate.png,synthetic_doc_dataset\annotations\bis\SYN-BIS-000003.json,1240,1754,SYNTHETIC / DEMO / NOT VALID,2026-09-05T07:34:58.545061+00:00
SYN-BIS-000003_low_contrast,SYN-BIS-000003,bis,train,True,low_contrast,synthetic_doc_dataset\augmented\bis\images\SYN-BIS-000003_low_contrast.png,synthetic_doc_dataset\annotations\bis\SYN-BIS-000003.json,1240,1754,SYNTHETIC / DEMO / NOT VALID,2026-09-05T07:34:58.593071+00:00
SYN-BIS-000003_low_resolution,SYN-BIS-000003,bis,train,True,low_resolution,synthetic_doc_dataset\augmented\bis\images\SYN-BIS-000003_low_resolution.png,synthetic_doc_dataset\annotations\bis\SYN-BIS-000003.json,1240,1754,SYNTHETIC / DEMO / NOT VALID,2026-09-05T07:34:58.643610+00:00
SYN-BIS-000004,SYN-BIS-000004,bis,train,False,,synthetic_doc_dataset\raw\bis\images\SYN-BIS-000004.png,synthetic_doc_dataset\annotations\bis\SYN-BIS-000004.json,1240,1754,SYNTHETIC / DEMO / NOT VALID,2026-09-05T07:34:58.813579+00:00
SYN-BIS-000004_blur,SYN-BIS-000004,bis,train,True,blur,synthetic_doc_dataset\augmented\bis\images\SYN-BIS-000004_blur.png,synthetic_doc_dataset\annotations\bis\SYN-BIS-000004.json,1240,1754,SYNTHETIC / DEMO / NOT VALID,2026-09-05T07:34:58.899531+00:00
SYN-BIS-000004_rotate,SYN-BIS-000004,bis,train,True,rotate,synthetic_doc_dataset\augmented\bis\images\SYN-BIS-000004_rotate.png,synthetic_doc_dataset\annotations\bis\SYN-BIS-000004.json,1240,1754,SYNTHETIC / DEMO / NOT VALID,2026-09-05T07:34:58.937146+00:00
SYN-BIS-000004_low_contrast,SYN-BIS-000004,bis,train,True,low_contrast,synthetic_doc_dataset\augmented\bis\images\SYN-BIS-000004_low_contrast.png,synthetic_doc_dataset\annotations\bis\SYN-BIS-000004.json,1240,1754,SYNTHETIC / DEMO / NOT VALID,2026-09-05T07:34:58.984496+00:00
SYN-BIS-000004_low_resolution,SYN-BIS-000004,bis,train,True,low_resolution,synthetic_doc_dataset\augmented\bis\images\SYN-BIS-000004_low_resolution.png,synthetic_doc_dataset\annotations\bis\SYN-BIS-000004.json,1240,1754,SYNTHETIC / DEMO / NOT VALID,2026-09-05T07:34:59.037519+00:00
SYN-BIS-000005,SYN-BIS-000005,bis,train,False,,synthetic_doc_dataset\raw\bis\images\SYN-BIS-000005.png,synthetic_doc_dataset\annotations\bis\SYN-BIS-000005.json,1240,1754,SYNTHETIC / DEMO / NOT VALID,2026-09-05T07:34:59.241915+00:00
SYN-BIS-000005_blur,SYN-BIS-000005,bis,train,True,blur,synthetic_doc_dataset\augmented\bis\images\SYN-BIS-000005_blur.png,synthetic_doc_dataset\annotations\bis\SYN-BIS-000005.json,1240,1754,SYNTHETIC / DEMO / NOT VALID,2026-09-05T07:34:59.315908+00:00
SYN-BIS-000005_rotate,SYN-BIS-000005,bis,train,True,rotate,synthetic_doc_dataset\augmented\bis\images\SYN-BIS-000005_rotate.png,synthetic_doc_dataset\annotations\bis\SYN-BIS-000005.json,1240,1754,SYNTHETIC / DEMO / NOT VALID,2026-09-05T07:34:59.355075+00:00
SYN-BIS-000005_low_contrast,SYN-BIS-000005,bis,train,True,low_contrast,synthetic_doc_dataset\augmented\bis\images\SYN-BIS-000005_low_contrast.png,synthetic_doc_dataset\annotations\bis\SYN-BIS-000005.json,1240,1754,SYNTHETIC / DEMO / NOT VALID,2026-09-05T07:34:59.402977+00:00
SYN-BIS-000005_low_resolution,SYN-BIS-000005,bis,train,True,low_resolution,synthetic_doc_dataset\augmented\bis\images\SYN-BIS-000005_low_resolution.png,synthetic_doc_dataset\annotations\bis\SYN-BIS-000005.json,1240,1754,SYNTHETIC / DEMO / NOT VALID,2026-09-05T07:34:59.452238+00:00
SYN-BIS-000006,SYN-BIS-000006,bis,train,False,,synthetic_doc_dataset\raw\bis\images\SYN-BIS-000006.png,synthetic_doc_dataset\annotations\bis\SYN-BIS-000006.json,1240,1754,SYNTHETIC / DEMO / NOT VALID,2026-09-05T07:34:59.603852+00:00
SYN-BIS-000006_blur,SYN-BIS-000006,bis,train,True,blur,synthetic_doc_dataset\augmented\bis\images\SYN-BIS-000006_blur.png,synthetic_doc_dataset\annotations\bis\SYN-BIS-000006.json,1240,1754,SYNTHETIC / DEMO / NOT VALID,2026-09-05T07:34:59.686223+00:00
SYN-BIS-000006_rotate,SYN-BIS-000006,bis,train,True,rotate,synthetic_doc_dataset\augmented\bis\images\SYN-BIS-000006_rotate.png,synthetic_doc_dataset\annotations\bis\SYN-BIS-000006.json,1240,1754,SYNTHETIC / DEMO / NOT VALID,2026-09-05T07:34:59.722473+00:00
SYN-BIS-000006_low_contrast,SYN-BIS-000006,bis,train,True,low_contrast,synthetic_doc_dataset\augmented\bis\images\SYN-BIS-000006_low_contrast.png,synthetic_doc_dataset\annotations\bis\SYN-BIS-000006.json,1240,1754,SYNTHETIC / DEMO / NOT VALID,2026-09-05T07:34:59.763182+00:00
SYN-BIS-000006_low_resolution,SYN-BIS-000006,bis,train,True,low_resolution,synthetic_doc_dataset\augmented\bis\images\SYN-BIS-000006_low_resolution.png,synthetic_doc_dataset\annotations\bis\SYN-BIS-000006.json,1240,1754,SYNTHETIC / DEMO / NOT VALID,2026-09-05T07:34:59.811613+00:00
SYN-BIS-000007,SYN-BIS-000007,bis,train,False,,synthetic_doc_dataset\raw\bis\images\SYN-BIS-000007.png,synthetic_doc_dataset\annotations\bis\SYN-BIS-000007.json,1240,1754,SYNTHETIC / DEMO / NOT VALID,2026-09-05T07:34:59.961109+00:00
SYN-BIS-000007_blur,SYN-BIS-000007,bis,train,True,blur,synthetic_doc_dataset\augmented\bis\images\SYN-BIS-000007_blur.png,synthetic_doc_dataset\annotations\bis\SYN-BIS-000007.json,1240,1754,SYNTHETIC / DEMO / NOT VALID,2026-09-05T07:35:00.035660+00:00
SYN-BIS-000007_rotate,SYN-BIS-000007,bis,train,True,rotate,synthetic_doc_dataset\augmented\bis\images\SYN-BIS-000007_rotate.png,synthetic_doc_dataset\annotations\bis\SYN-BIS-000007.json,1240,1754,SYNTHETIC / DEMO / NOT VALID,2026-09-05T07:35:00.075224+00:00
SYN-BIS-000007_low_contrast,SYN-BIS-000007,bis,train,True,low_contrast,synthetic_doc_dataset\augmented\bis\images\SYN-BIS-000007_low_contrast.png,synthetic_doc_dataset\annotations\bis\SYN-BIS-000007.json,1240,1754,SYNTHETIC / DEMO / NOT VALID,2026-09-05T07:35:00.116662+00:00
SYN-BIS-000007_low_resolution,SYN-BIS-000007,bis,train,True,low_resolution,synthetic_doc_dataset\augmented\bis\images\SYN-BIS-000007_low_resolution.png,synthetic_doc_dataset\annotations\bis\SYN-BIS-000007.json,1240,1754,SYNTHETIC / DEMO / NOT VALID,2026-09-05T07:35:00.172000+00:00
SYN-BIS-000008,SYN-BIS-000008,bis,train,False,,synthetic_doc_dataset\raw\bis\images\SYN-BIS-000008.png,synthetic_doc_dataset\annotations\bis\SYN-BIS-000008.json,1240,1754,SYNTHETIC / DEMO / NOT VALID,2026-09-05T07:35:00.321837+00:00
SYN-BIS-000008_blur,SYN-BIS-000008,bis,train,True,blur,synthetic_doc_dataset\augmented\bis\images\SYN-BIS-000008_blur.png,synthetic_doc_dataset\annotations\bis\SYN-BIS-000008.json,1240,1754,SYNTHETIC / DEMO / NOT VALID,2026-09-05T07:35:00.404565+00:00
SYN-BIS-000008_rotate,SYN-BIS-000008,bis,train,True,rotate,synthetic_doc_dataset\augmented\bis\images\SYN-BIS-000008_rotate.png,synthetic_doc_dataset\annotations\bis\SYN-BIS-000008.json,1240,1754,SYNTHETIC / DEMO / NOT VALID,2026-09-05T07:35:00.441579+00:00
SYN-BIS-000008_low_contrast,SYN-BIS-000008,bis,train,True,low_contrast,synthetic_doc_dataset\augmented\bis\images\SYN-BIS-000008_low_contrast.png,synthetic_doc_dataset\annotations\bis\SYN-BIS-000008.json,1240,1754,SYNTHETIC / DEMO / NOT VALID,2026-09-05T07:35:00.481805+00:00
SYN-BIS-000008_low_resolution,SYN-BIS-000008,bis,train,True,low_resolution,synthetic_doc_dataset\augmented\bis\images\SYN-BIS-000008_low_resolution.png,synthetic_doc_dataset\annotations\bis\SYN-BIS-000008.json,1240,1754,SYNTHETIC / DEMO / NOT VALID,2026-09-05T07:35:00.539712+00:00
SYN-BIS-000009,SYN-BIS-000009,bis,train,False,,synthetic_doc_dataset\raw\bis\images\SYN-BIS-000009.png,synthetic_doc_dataset\annotations\bis\SYN-BIS-000009.json,1240,1754,SYNTHETIC / DEMO / NOT VALID,2026-09-05T07:35:00.696989+00:00
SYN-BIS-000009_blur,SYN-BIS-000009,bis,train,True,blur,synthetic_doc_dataset\augmented\bis\images\SYN-BIS-000009_blur.png,synthetic_doc_dataset\annotations\bis\SYN-BIS-000009.json,1240,1754,SYNTHETIC / DEMO / NOT VALID,2026-09-05T07:35:00.768881+00:00
SYN-BIS-000009_rotate,SYN-BIS-000009,bis,train,True,rotate,synthetic_doc_dataset\augmented\bis\images\SYN-BIS-000009_rotate.png,synthetic_doc_dataset\annotations\bis\SYN-BIS-000009.json,1240,1754,SYNTHETIC / DEMO / NOT VALID,2026-09-05T07:35:00.811095+00:00
SYN-BIS-000009_low_contrast,SYN-BIS-000009,bis,train,True,low_contrast,synthetic_doc_dataset\augmented\bis\images\SYN-BIS-000009_low_contrast.png,synthetic_doc_dataset\annotations\bis\SYN-BIS-000009.json,1240,1754,SYNTHETIC / DEMO / NOT VALID,2026-09-05T07:35:00.856710+00:00
SYN-BIS-000009_low_resolution,SYN-BIS-000009,bis,train,True,low_resolution,synthetic_doc_dataset\augmented\bis\images\SYN-BIS-000009_low_resolution.png,synthetic_doc_dataset\annotations\bis\SYN-BIS-000009.json,1240,1754,SYNTHETIC / DEMO / NOT VALID,2026-09-05T07:35:00.906096+00:00
SYN-BIS-000010,SYN-BIS-000010,bis,train,False,,synthetic_doc_dataset\raw\bis\images\SYN-BIS-000010.png,synthetic_doc_dataset\annotations\bis\SYN-BIS-000010.json,1240,1754,SYNTHETIC / DEMO / NOT VALID,2026-09-05T07:35:01.054087+00:00
SYN-BIS-000010_blur,SYN-BIS-000010,bis,train,True,blur,synthetic_doc_dataset\augmented\bis\images\SYN-BIS-000010_blur.png,synthetic_doc_dataset\annotations\bis\SYN-BIS-000010.json,1240,1754,SYNTHETIC / DEMO / NOT VALID,2026-09-05T07:35:01.130483+00:00
SYN-BIS-000010_rotate,SYN-BIS-000010,bis,train,True,rotate,synthetic_doc_dataset\augmented\bis\images\SYN-BIS-000010_rotate.png,synthetic_doc_dataset\annotations\bis\SYN-BIS-000010.json,1240,1754,SYNTHETIC / DEMO / NOT VALID,2026-09-05T07:35:01.174963+00:00
SYN-BIS-000010_low_contrast,SYN-BIS-000010,bis,train,True,low_contrast,synthetic_doc_dataset\augmented\bis\images\SYN-BIS-000010_low_contrast.png,synthetic_doc_dataset\annotations\bis\SYN-BIS-000010.json,1240,1754,SYNTHETIC / DEMO / NOT VALID,2026-09-05T07:35:01.220009+00:00
SYN-BIS-000010_low_resolution,SYN-BIS-000010,bis,train,True,low_resolution,synthetic_doc_dataset\augmented\bis\images\SYN-BIS-000010_low_resolution.png,synthetic_doc_dataset\annotations\bis\SYN-BIS-000010.json,1240,1754,SYNTHETIC / DEMO / NOT VALID,2026-09-05T07:35:01.281401+00:00
SYN-BIS-000011,SYN-BIS-000011,bis,val,False,,synthetic_doc_dataset\raw\bis\images\SYN-BIS-000011.png,synthetic_doc_dataset\annotations\bis\SYN-BIS-000011.json,1240,1754,SYNTHETIC / DEMO / NOT VALID,2026-09-05T07:35:01.433865+00:00
SYN-BIS-000011_blur,SYN-BIS-000011,bis,val,True,blur,synthetic_doc_dataset\augmented\bis\images\SYN-BIS-000011_blur.png,synthetic_doc_dataset\annotations\bis\SYN-BIS-000011.json,1240,1754,SYNTHETIC / DEMO / NOT VALID,2026-09-05T07:35:01.506544+00:00
SYN-BIS-000011_rotate,SYN-BIS-000011,bis,val,True,rotate,synthetic_doc_dataset\augmented\bis\images\SYN-BIS-000011_rotate.png,synthetic_doc_dataset\annotations\bis\SYN-BIS-000011.json,1240,1754,SYNTHETIC / DEMO / NOT VALID,2026-09-05T07:35:01.543980+00:00
SYN-BIS-000011_low_contrast,SYN-BIS-000011,bis,val,True,low_contrast,synthetic_doc_dataset\augmented\bis\images\SYN-BIS-000011_low_contrast.png,synthetic_doc_dataset\annotations\bis\SYN-BIS-000011.json,1240,1754,SYNTHETIC / DEMO / NOT VALID,2026-09-05T07:35:01.592069+00:00
SYN-BIS-000011_low_resolution,SYN-BIS-000011,bis,val,True,low_resolution,synthetic_doc_dataset\augmented\bis\images\SYN-BIS-000011_low_resolution.png,synthetic_doc_dataset\annotations\bis\SYN-BIS-000011.json,1240,1754,SYNTHETIC / DEMO / NOT VALID,2026-09-05T07:35:01.640761+00:00
SYN-BIS-000012,SYN-BIS-000012,bis,val,False,,synthetic_doc_dataset\raw\bis\images\SYN-BIS-000012.png,synthetic_doc_dataset\annotations\bis\SYN-BIS-000012.json,1240,1754,SYNTHETIC / DEMO / NOT VALID,2026-09-05T07:35:01.796987+00:00
SYN-BIS-000012_blur,SYN-BIS-000012,bis,val,True,blur,synthetic_doc_dataset\augmented\bis\images\SYN-BIS-000012_blur.png,synthetic_doc_dataset\annotations\bis\SYN-BIS-000012.json,1240,1754,SYNTHETIC / DEMO / NOT VALID,2026-09-05T07:35:01.872384+00:00
SYN-BIS-000012_rotate,SYN-BIS-000012,bis,val,True,rotate,synthetic_doc_dataset\augmented\bis\images\SYN-BIS-000012_rotate.png,synthetic_doc_dataset\annotations\bis\SYN-BIS-000012.json,1240,1754,SYNTHETIC / DEMO / NOT VALID,2026-09-05T07:35:01.913576+00:00
SYN-BIS-000012_low_contrast,SYN-BIS-000012,bis,val,True,low_contrast,synthetic_doc_dataset\augmented\bis\images\SYN-BIS-000012_low_contrast.png,synthetic_doc_dataset\annotations\bis\SYN-BIS-000012.json,1240,1754,SYNTHETIC / DEMO / NOT VALID,2026-09-05T07:35:01.956860+00:00
SYN-BIS-000012_low_resolution,SYN-BIS-000012,bis,val,True,low_resolution,synthetic_doc_dataset\augmented\bis\images\SYN-BIS-000012_low_resolution.png,synthetic_doc_dataset\annotations\bis\SYN-BIS-000012.json,1240,1754,SYNTHETIC / DEMO / NOT VALID,2026-09-05T07:35:02.006166+00:00
SYN-BIS-000013,SYN-BIS-000013,bis,test,False,,synthetic_doc_dataset\raw\bis\images\SYN-BIS-000013.png,synthetic_doc_dataset\annotations\bis\SYN-BIS-000013.json,1240,1754,SYNTHETIC / DEMO / NOT VALID,2026-09-05T07:35:02.224779+00:00
SYN-BIS-000013_blur,SYN-BIS-000013,bis,test,True,blur,synthetic_doc_dataset\augmented\bis\images\SYN-BIS-000013_blur.png,synthetic_doc_dataset\annotations\bis\SYN-BIS-000013.json,1240,1754,SYNTHETIC / DEMO / NOT VALID,2026-09-05T07:35:02.342851+00:00
SYN-BIS-000013_rotate,SYN-BIS-000013,bis,test,True,rotate,synthetic_doc_dataset\augmented\bis\images\SYN-BIS-000013_rotate.png,synthetic_doc_dataset\annotations\bis\SYN-BIS-000013.json,1240,1754,SYNTHETIC / DEMO / NOT VALID,2026-09-05T07:35:02.395565+00:00
SYN-BIS-000013_low_contrast,SYN-BIS-000013,bis,test,True,low_contrast,synthetic_doc_dataset\augmented\bis\images\SYN-BIS-000013_low_contrast.png,synthetic_doc_dataset\annotations\bis\SYN-BIS-000013.json,1240,1754,SYNTHETIC / DEMO / NOT VALID,2026-09-05T07:35:02.456202+00:00
SYN-BIS-000013_low_resolution,SYN-BIS-000013,bis,test,True,low_resolution,synthetic_doc_dataset\augmented\bis\images\SYN-BIS-000013_low_resolution.png,synthetic_doc_dataset\annotations\bis\SYN-BIS-000013.json,1240,1754,SYNTHETIC / DEMO / NOT VALID,2026-09-05T07:35:02.540025+00:00
SYN-BIS-000014,SYN-BIS-000014,bis,test,False,,synthetic_doc_dataset\raw\bis\images\SYN-BIS-000014.png,synthetic_doc_dataset\annotations\bis\SYN-BIS-000014.json,1240,1754,SYNTHETIC / DEMO / NOT VALID,2026-09-05T07:35:02.725734+00:00
SYN-BIS-000014_blur,SYN-BIS-000014,bis,test,True,blur,synthetic_doc_dataset\augmented\bis\images\SYN-BIS-000014_blur.png,synthetic_doc_dataset\annotations\bis\SYN-BIS-000014.json,1240,1754,SYNTHETIC / DEMO / NOT VALID,2026-09-05T07:35:02.811788+00:00
SYN-BIS-000014_rotate,SYN-BIS-000014,bis,test,True,rotate,synthetic_doc_dataset\augmented\bis\images\SYN-BIS-000014_rotate.png,synthetic_doc_dataset\annotations\bis\SYN-BIS-000014.json,1240,1754,SYNTHETIC / DEMO / NOT VALID,2026-09-05T07:35:02.857789+00:00
SYN-BIS-000014_low_contrast,SYN-BIS-000014,bis,test,True,low_contrast,synthetic_doc_dataset\augmented\bis\images\SYN-BIS-000014_low_contrast.png,synthetic_doc_dataset\annotations\bis\SYN-BIS-000014.json,1240,1754,SYNTHETIC / DEMO / NOT VALID,2026-09-05T07:35:02.916504+00:00
SYN-BIS-000014_low_resolution,SYN-BIS-000014,bis,test,True,low_resolution,synthetic_doc_dataset\augmented\bis\images\SYN-BIS-000014_low_resolution.png,synthetic_doc_dataset\annotations\bis\SYN-BIS-000014.json,1240,1754,SYNTHETIC / DEMO / NOT VALID,2026-09-05T07:35:02.976893+00:00
SYN-BIS-000015,SYN-BIS-000015,bis,test,False,,synthetic_doc_dataset\raw\bis\images\SYN-BIS-000015.png,synthetic_doc_dataset\annotations\bis\SYN-BIS-000015.json,1240,1754,SYNTHETIC / DEMO / NOT VALID,2026-09-05T07:35:03.140263+00:00
SYN-BIS-000015_blur,SYN-BIS-000015,bis,test,True,blur,synthetic_doc_dataset\augmented\bis\images\SYN-BIS-000015_blur.png,synthetic_doc_dataset\annotations\bis\SYN-BIS-000015.json,1240,1754,SYNTHETIC / DEMO / NOT VALID,2026-09-05T07:35:03.224012+00:00
SYN-BIS-000015_rotate,SYN-BIS-000015,bis,test,True,rotate,synthetic_doc_dataset\augmented\bis\images\SYN-BIS-000015_rotate.png,synthetic_doc_dataset\annotations\bis\SYN-BIS-000015.json,1240,1754,SYNTHETIC / DEMO / NOT VALID,2026-09-05T07:35:03.265712+00:00
SYN-BIS-000015_low_contrast,SYN-BIS-000015,bis,test,True,low_contrast,synthetic_doc_dataset\augmented\bis\images\SYN-BIS-000015_low_contrast.png,synthetic_doc_dataset\annotations\bis\SYN-BIS-000015.json,1240,1754,SYNTHETIC / DEMO / NOT VALID,2026-09-05T07:35:03.317376+00:00
SYN-BIS-000015_low_resolution,SYN-BIS-000015,bis,test,True,low_resolution,synthetic_doc_dataset\augmented\bis\images\SYN-BIS-000015_low_resolution.png,synthetic_doc_dataset\annotations\bis\SYN-BIS-000015.json,1240,1754,SYNTHETIC / DEMO / NOT VALID,2026-09-05T07:35:03.378792+00:00
SYN-PAN-000001,SYN-PAN-000001,pan,train,False,,synthetic_doc_dataset\raw\pan\images\SYN-PAN-000001.png,synthetic_doc_dataset\annotations\pan\SYN-PAN-000001.json,1240,1754,SYNTHETIC / DEMO / NOT VALID,2026-09-05T07:35:03.553431+00:00
SYN-PAN-000001_blur,SYN-PAN-000001,pan,train,True,blur,synthetic_doc_dataset\augmented\pan\images\SYN-PAN-000001_blur.png,synthetic_doc_dataset\annotations\pan\SYN-PAN-000001.json,1240,1754,SYNTHETIC / DEMO / NOT VALID,2026-09-05T07:35:03.627103+00:00
SYN-PAN-000001_rotate,SYN-PAN-000001,pan,train,True,rotate,synthetic_doc_dataset\augmented\pan\images\SYN-PAN-000001_rotate.png,synthetic_doc_dataset\annotations\pan\SYN-PAN-000001.json,1240,1754,SYNTHETIC / DEMO / NOT VALID,2026-09-05T07:35:03.661759+00:00
SYN-PAN-000001_low_contrast,SYN-PAN-000001,pan,train,True,low_contrast,synthetic_doc_dataset\augmented\pan\images\SYN-PAN-000001_low_contrast.png,synthetic_doc_dataset\annotations\pan\SYN-PAN-000001.json,1240,1754,SYNTHETIC / DEMO / NOT VALID,2026-09-05T07:35:03.709617+00:00
SYN-PAN-000001_low_resolution,SYN-PAN-000001,pan,train,True,low_resolution,synthetic_doc_dataset\augmented\pan\images\SYN-PAN-000001_low_resolution.png,synthetic_doc_dataset\annotations\pan\SYN-PAN-000001.json,1240,1754,SYNTHETIC / DEMO / NOT VALID,2026-09-05T07:35:03.774177+00:00
SYN-PAN-000002,SYN-PAN-000002,pan,train,False,,synthetic_doc_dataset\raw\pan\images\SYN-PAN-000002.png,synthetic_doc_dataset\annotations\pan\SYN-PAN-000002.json,1240,1754,SYNTHETIC / DEMO / NOT VALID,2026-09-05T07:35:03.940920+00:00
SYN-PAN-000002_blur,SYN-PAN-000002,pan,train,True,blur,synthetic_doc_dataset\augmented\pan\images\SYN-PAN-000002_blur.png,synthetic_doc_dataset\annotations\pan\SYN-PAN-000002.json,1240,1754,SYNTHETIC / DEMO / NOT VALID,2026-09-05T07:35:04.017637+00:00
SYN-PAN-000002_rotate,SYN-PAN-000002,pan,train,True,rotate,synthetic_doc_dataset\augmented\pan\images\SYN-PAN-000002_rotate.png,synthetic_doc_dataset\annotations\pan\SYN-PAN-000002.json,1240,1754,SYNTHETIC / DEMO / NOT VALID,2026-09-05T07:35:04.052963+00:00
SYN-PAN-000002_low_contrast,SYN-PAN-000002,pan,train,True,low_contrast,synthetic_doc_dataset\augmented\pan\images\SYN-PAN-000002_low_contrast.png,synthetic_doc_dataset\annotations\pan\SYN-PAN-000002.json,1240,1754,SYNTHETIC / DEMO / NOT VALID,2026-09-05T07:35:04.100300+00:00
SYN-PAN-000002_low_resolution,SYN-PAN-000002,pan,train,True,low_resolution,synthetic_doc_dataset\augmented\pan\images\SYN-PAN-000002_low_resolution.png,synthetic_doc_dataset\annotations\pan\SYN-PAN-000002.json,1240,1754,SYNTHETIC / DEMO / NOT VALID,2026-09-05T07:35:04.151124+00:00
SYN-PAN-000003,SYN-PAN-000003,pan,train,False,,synthetic_doc_dataset\raw\pan\images\SYN-PAN-000003.png,synthetic_doc_dataset\annotations\pan\SYN-PAN-000003.json,1240,1754,SYNTHETIC / DEMO / NOT VALID,2026-09-05T07:35:04.346487+00:00
SYN-PAN-000003_blur,SYN-PAN-000003,pan,train,True,blur,synthetic_doc_dataset\augmented\pan\images\SYN-PAN-000003_blur.png,synthetic_doc_dataset\annotations\pan\SYN-PAN-000003.json,1240,1754,SYNTHETIC / DEMO / NOT VALID,2026-09-05T07:35:04.458229+00:00
SYN-PAN-000003_rotate,SYN-PAN-000003,pan,train,True,rotate,synthetic_doc_dataset\augmented\pan\images\SYN-PAN-000003_rotate.png,synthetic_doc_dataset\annotations\pan\SYN-PAN-000003.json,1240,1754,SYNTHETIC / DEMO / NOT VALID,2026-09-05T07:35:04.488935+00:00
SYN-PAN-000003_low_contrast,SYN-PAN-000003,pan,train,True,low_contrast,synthetic_doc_dataset\augmented\pan\images\SYN-PAN-000003_low_contrast.png,synthetic_doc_dataset\annotations\pan\SYN-PAN-000003.json,1240,1754,SYNTHETIC / DEMO / NOT VALID,2026-09-05T07:35:04.528687+00:00
SYN-PAN-000003_low_resolution,SYN-PAN-000003,pan,train,True,low_resolution,synthetic_doc_dataset\augmented\pan\images\SYN-PAN-000003_low_resolution.png,synthetic_doc_dataset\annotations\pan\SYN-PAN-000003.json,1240,1754,SYNTHETIC / DEMO / NOT VALID,2026-09-05T07:35:04.575977+00:00
SYN-PAN-000004,SYN-PAN-000004,pan,train,False,,synthetic_doc_dataset\raw\pan\images\SYN-PAN-000004.png,synthetic_doc_dataset\annotations\pan\SYN-PAN-000004.json,1240,1754,SYNTHETIC / DEMO / NOT VALID,2026-09-05T07:35:04.723841+00:00
SYN-PAN-000004_blur,SYN-PAN-000004,pan,train,True,blur,synthetic_doc_dataset\augmented\pan\images\SYN-PAN-000004_blur.png,synthetic_doc_dataset\annotations\pan\SYN-PAN-000004.json,1240,1754,SYNTHETIC / DEMO / NOT VALID,2026-09-05T07:35:04.798664+00:00
SYN-PAN-000004_rotate,SYN-PAN-000004,pan,train,True,rotate,synthetic_doc_dataset\augmented\pan\images\SYN-PAN-000004_rotate.png,synthetic_doc_dataset\annotations\pan\SYN-PAN-000004.json,1240,1754,SYNTHETIC / DEMO / NOT VALID,2026-09-05T07:35:04.835869+00:00
SYN-PAN-000004_low_contrast,SYN-PAN-000004,pan,train,True,low_contrast,synthetic_doc_dataset\augmented\pan\images\SYN-PAN-000004_low_contrast.png,synthetic_doc_dataset\annotations\pan\SYN-PAN-000004.json,1240,1754,SYNTHETIC / DEMO / NOT VALID,2026-09-05T07:35:04.887248+00:00
SYN-PAN-000004_low_resolution,SYN-PAN-000004,pan,train,True,low_resolution,synthetic_doc_dataset\augmented\pan\images\SYN-PAN-000004_low_resolution.png,synthetic_doc_dataset\annotations\pan\SYN-PAN-000004.json,1240,1754,SYNTHETIC / DEMO / NOT VALID,2026-09-05T07:35:04.955028+00:00
SYN-PAN-000005,SYN-PAN-000005,pan,train,False,,synthetic_doc_dataset\raw\pan\images\SYN-PAN-000005.png,synthetic_doc_dataset\annotations\pan\SYN-PAN-000005.json,1240,1754,SYNTHETIC / DEMO / NOT VALID,2026-09-05T07:35:05.102393+00:00
SYN-PAN-000005_blur,SYN-PAN-000005,pan,train,True,blur,synthetic_doc_dataset\augmented\pan\images\SYN-PAN-000005_blur.png,synthetic_doc_dataset\annotations\pan\SYN-PAN-000005.json,1240,1754,SYNTHETIC / DEMO / NOT VALID,2026-09-05T07:35:05.174143+00:00
SYN-PAN-000005_rotate,SYN-PAN-000005,pan,train,True,rotate,synthetic_doc_dataset\augmented\pan\images\SYN-PAN-000005_rotate.png,synthetic_doc_dataset\annotations\pan\SYN-PAN-000005.json,1240,1754,SYNTHETIC / DEMO / NOT VALID,2026-09-05T07:35:05.204395+00:00
SYN-PAN-000005_low_contrast,SYN-PAN-000005,pan,train,True,low_contrast,synthetic_doc_dataset\augmented\pan\images\SYN-PAN-000005_low_contrast.png,synthetic_doc_dataset\annotations\pan\SYN-PAN-000005.json,1240,1754,SYNTHETIC / DEMO / NOT VALID,2026-09-05T07:35:05.241863+00:00
SYN-PAN-000005_low_resolution,SYN-PAN-000005,pan,train,True,low_resolution,synthetic_doc_dataset\augmented\pan\images\SYN-PAN-000005_low_resolution.png,synthetic_doc_dataset\annotations\pan\SYN-PAN-000005.json,1240,1754,SYNTHETIC / DEMO / NOT VALID,2026-09-05T07:35:05.286737+00:00
SYN-PAN-000006,SYN-PAN-000006,pan,train,False,,synthetic_doc_dataset\raw\pan\images\SYN-PAN-000006.png,synthetic_doc_dataset\annotations\pan\SYN-PAN-000006.json,1240,1754,SYNTHETIC / DEMO / NOT VALID,2026-09-05T07:35:05.429836+00:00
SYN-PAN-000006_blur,SYN-PAN-000006,pan,train,True,blur,synthetic_doc_dataset\augmented\pan\images\SYN-PAN-000006_blur.png,synthetic_doc_dataset\annotations\pan\SYN-PAN-000006.json,1240,1754,SYNTHETIC / DEMO / NOT VALID,2026-09-05T07:35:05.500777+00:00
SYN-PAN-000006_rotate,SYN-PAN-000006,pan,train,True,rotate,synthetic_doc_dataset\augmented\pan\images\SYN-PAN-000006_rotate.png,synthetic_doc_dataset\annotations\pan\SYN-PAN-000006.json,1240,1754,SYNTHETIC / DEMO / NOT VALID,2026-09-05T07:35:05.529365+00:00
SYN-PAN-000006_low_contrast,SYN-PAN-000006,pan,train,True,low_contrast,synthetic_doc_dataset\augmented\pan\images\SYN-PAN-000006_low_contrast.png,synthetic_doc_dataset\annotations\pan\SYN-PAN-000006.json,1240,1754,SYNTHETIC / DEMO / NOT VALID,2026-09-05T07:35:05.566853+00:00
SYN-PAN-000006_low_resolution,SYN-PAN-000006,pan,train,True,low_resolution,synthetic_doc_dataset\augmented\pan\images\SYN-PAN-000006_low_resolution.png,synthetic_doc_dataset\annotations\pan\SYN-PAN-000006.json,1240,1754,SYNTHETIC / DEMO / NOT VALID,2026-09-05T07:35:05.611138+00:00
SYN-PAN-000007,SYN-PAN-000007,pan,train,False,,synthetic_doc_dataset\raw\pan\images\SYN-PAN-000007.png,synthetic_doc_dataset\annotations\pan\SYN-PAN-000007.json,1240,1754,SYNTHETIC / DEMO / NOT VALID,2026-09-05T07:35:05.755124+00:00
SYN-PAN-000007_blur,SYN-PAN-000007,pan,train,True,blur,synthetic_doc_dataset\augmented\pan\images\SYN-PAN-000007_blur.png,synthetic_doc_dataset\annotations\pan\SYN-PAN-000007.json,1240,1754,SYNTHETIC / DEMO / NOT VALID,2026-09-05T07:35:05.825327+00:00
SYN-PAN-000007_rotate,SYN-PAN-000007,pan,train,True,rotate,synthetic_doc_dataset\augmented\pan\images\SYN-PAN-000007_rotate.png,synthetic_doc_dataset\annotations\pan\SYN-PAN-000007.json,1240,1754,SYNTHETIC / DEMO / NOT VALID,2026-09-05T07:35:05.856157+00:00
SYN-PAN-000007_low_contrast,SYN-PAN-000007,pan,train,True,low_contrast,synthetic_doc_dataset\augmented\pan\images\SYN-PAN-000007_low_contrast.png,synthetic_doc_dataset\annotations\pan\SYN-PAN-000007.json,1240,1754,SYNTHETIC / DEMO / NOT VALID,2026-09-05T07:35:05.902983+00:00
SYN-PAN-000007_low_resolution,SYN-PAN-000007,pan,train,True,low_resolution,synthetic_doc_dataset\augmented\pan\images\SYN-PAN-000007_low_resolution.png,synthetic_doc_dataset\annotations\pan\SYN-PAN-000007.json,1240,1754,SYNTHETIC / DEMO / NOT VALID,2026-09-05T07:35:05.966780+00:00
SYN-PAN-000008,SYN-PAN-000008,pan,train,False,,synthetic_doc_dataset\raw\pan\images\SYN-PAN-000008.png,synthetic_doc_dataset\annotations\pan\SYN-PAN-000008.json,1240,1754,SYNTHETIC / DEMO / NOT VALID,2026-09-05T07:35:06.109161+00:00
SYN-PAN-000008_blur,SYN-PAN-000008,pan,train,True,blur,synthetic_doc_dataset\augmented\pan\images\SYN-PAN-000008_blur.png,synthetic_doc_dataset\annotations\pan\SYN-PAN-000008.json,1240,1754,SYNTHETIC / DEMO / NOT VALID,2026-09-05T07:35:06.182927+00:00
SYN-PAN-000008_rotate,SYN-PAN-000008,pan,train,True,rotate,synthetic_doc_dataset\augmented\pan\images\SYN-PAN-000008_rotate.png,synthetic_doc_dataset\annotations\pan\SYN-PAN-000008.json,1240,1754,SYNTHETIC / DEMO / NOT VALID,2026-09-05T07:35:06.216389+00:00
SYN-PAN-000008_low_contrast,SYN-PAN-000008,pan,train,True,low_contrast,synthetic_doc_dataset\augmented\pan\images\SYN-PAN-000008_low_contrast.png,synthetic_doc_dataset\annotations\pan\SYN-PAN-000008.json,1240,1754,SYNTHETIC / DEMO / NOT VALID,2026-09-05T07:35:06.256405+00:00
SYN-PAN-000008_low_resolution,SYN-PAN-000008,pan,train,True,low_resolution,synthetic_doc_dataset\augmented\pan\images\SYN-PAN-000008_low_resolution.png,synthetic_doc_dataset\annotations\pan\SYN-PAN-000008.json,1240,1754,SYNTHETIC / DEMO / NOT VALID,2026-09-05T07:35:06.304043+00:00
SYN-PAN-000009,SYN-PAN-000009,pan,train,False,,synthetic_doc_dataset\raw\pan\images\SYN-PAN-000009.png,synthetic_doc_dataset\annotations\pan\SYN-PAN-000009.json,1240,1754,SYNTHETIC / DEMO / NOT VALID,2026-09-05T07:35:06.444695+00:00
SYN-PAN-000009_blur,SYN-PAN-000009,pan,train,True,blur,synthetic_doc_dataset\augmented\pan\images\SYN-PAN-000009_blur.png,synthetic_doc_dataset\annotations\pan\SYN-PAN-000009.json,1240,1754,SYNTHETIC / DEMO / NOT VALID,2026-09-05T07:35:06.516033+00:00
SYN-PAN-000009_rotate,SYN-PAN-000009,pan,train,True,rotate,synthetic_doc_dataset\augmented\pan\images\SYN-PAN-000009_rotate.png,synthetic_doc_dataset\annotations\pan\SYN-PAN-000009.json,1240,1754,SYNTHETIC / DEMO / NOT VALID,2026-09-05T07:35:06.546336+00:00
SYN-PAN-000009_low_contrast,SYN-PAN-000009,pan,train,True,low_contrast,synthetic_doc_dataset\augmented\pan\images\SYN-PAN-000009_low_contrast.png,synthetic_doc_dataset\annotations\pan\SYN-PAN-000009.json,1240,1754,SYNTHETIC / DEMO / NOT VALID,2026-09-05T07:35:06.585589+00:00
SYN-PAN-000009_low_resolution,SYN-PAN-000009,pan,train,True,low_resolution,synthetic_doc_dataset\augmented\pan\images\SYN-PAN-000009_low_resolution.png,synthetic_doc_dataset\annotations\pan\SYN-PAN-000009.json,1240,1754,SYNTHETIC / DEMO / NOT VALID,2026-09-05T07:35:06.632686+00:00
SYN-PAN-000010,SYN-PAN-000010,pan,train,False,,synthetic_doc_dataset\raw\pan\images\SYN-PAN-000010.png,synthetic_doc_dataset\annotations\pan\SYN-PAN-000010.json,1240,1754,SYNTHETIC / DEMO / NOT VALID,2026-09-05T07:35:06.784852+00:00
SYN-PAN-000010_blur,SYN-PAN-000010,pan,train,True,blur,synthetic_doc_dataset\augmented\pan\images\SYN-PAN-000010_blur.png,synthetic_doc_dataset\annotations\pan\SYN-PAN-000010.json,1240,1754,SYNTHETIC / DEMO / NOT VALID,2026-09-05T07:35:06.854426+00:00
SYN-PAN-000010_rotate,SYN-PAN-000010,pan,train,True,rotate,synthetic_doc_dataset\augmented\pan\images\SYN-PAN-000010_rotate.png,synthetic_doc_dataset\annotations\pan\SYN-PAN-000010.json,1240,1754,SYNTHETIC / DEMO / NOT VALID,2026-09-05T07:35:06.883253+00:00
SYN-PAN-000010_low_contrast,SYN-PAN-000010,pan,train,True,low_contrast,synthetic_doc_dataset\augmented\pan\images\SYN-PAN-000010_low_contrast.png,synthetic_doc_dataset\annotations\pan\SYN-PAN-000010.json,1240,1754,SYNTHETIC / DEMO / NOT VALID,2026-09-05T07:35:06.920692+00:00
SYN-PAN-000010_low_resolution,SYN-PAN-000010,pan,train,True,low_resolution,synthetic_doc_dataset\augmented\pan\images\SYN-PAN-000010_low_resolution.png,synthetic_doc_dataset\annotations\pan\SYN-PAN-000010.json,1240,1754,SYNTHETIC / DEMO / NOT VALID,2026-09-05T07:35:06.965199+00:00
SYN-PAN-000011,SYN-PAN-000011,pan,val,False,,synthetic_doc_dataset\raw\pan\images\SYN-PAN-000011.png,synthetic_doc_dataset\annotations\pan\SYN-PAN-000011.json,1240,1754,SYNTHETIC / DEMO / NOT VALID,2026-09-05T07:35:07.110426+00:00
SYN-PAN-000011_blur,SYN-PAN-000011,pan,val,True,blur,synthetic_doc_dataset\augmented\pan\images\SYN-PAN-000011_blur.png,synthetic_doc_dataset\annotations\pan\SYN-PAN-000011.json,1240,1754,SYNTHETIC / DEMO / NOT VALID,2026-09-05T07:35:07.182069+00:00
SYN-PAN-000011_rotate,SYN-PAN-000011,pan,val,True,rotate,synthetic_doc_dataset\augmented\pan\images\SYN-PAN-000011_rotate.png,synthetic_doc_dataset\annotations\pan\SYN-PAN-000011.json,1240,1754,SYNTHETIC / DEMO / NOT VALID,2026-09-05T07:35:07.217432+00:00
SYN-PAN-000011_low_contrast,SYN-PAN-000011,pan,val,True,low_contrast,synthetic_doc_dataset\augmented\pan\images\SYN-PAN-000011_low_contrast.png,synthetic_doc_dataset\annotations\pan\SYN-PAN-000011.json,1240,1754,SYNTHETIC / DEMO / NOT VALID,2026-09-05T07:35:07.254957+00:00
SYN-PAN-000011_low_resolution,SYN-PAN-000011,pan,val,True,low_resolution,synthetic_doc_dataset\augmented\pan\images\SYN-PAN-000011_low_resolution.png,synthetic_doc_dataset\annotations\pan\SYN-PAN-000011.json,1240,1754,SYNTHETIC / DEMO / NOT VALID,2026-09-05T07:35:07.299147+00:00
SYN-PAN-000012,SYN-PAN-000012,pan,val,False,,synthetic_doc_dataset\raw\pan\images\SYN-PAN-000012.png,synthetic_doc_dataset\annotations\pan\SYN-PAN-000012.json,1240,1754,SYNTHETIC / DEMO / NOT VALID,2026-09-05T07:35:07.439502+00:00
SYN-PAN-000012_blur,SYN-PAN-000012,pan,val,True,blur,synthetic_doc_dataset\augmented\pan\images\SYN-PAN-000012_blur.png,synthetic_doc_dataset\annotations\pan\SYN-PAN-000012.json,1240,1754,SYNTHETIC / DEMO / NOT VALID,2026-09-05T07:35:07.514081+00:00
SYN-PAN-000012_rotate,SYN-PAN-000012,pan,val,True,rotate,synthetic_doc_dataset\augmented\pan\images\SYN-PAN-000012_rotate.png,synthetic_doc_dataset\annotations\pan\SYN-PAN-000012.json,1240,1754,SYNTHETIC / DEMO / NOT VALID,2026-09-05T07:35:07.545273+00:00
SYN-PAN-000012_low_contrast,SYN-PAN-000012,pan,val,True,low_contrast,synthetic_doc_dataset\augmented\pan\images\SYN-PAN-000012_low_contrast.png,synthetic_doc_dataset\annotations\pan\SYN-PAN-000012.json,1240,1754,SYNTHETIC / DEMO / NOT VALID,2026-09-05T07:35:07.583882+00:00
SYN-PAN-000012_low_resolution,SYN-PAN-000012,pan,val,True,low_resolution,synthetic_doc_dataset\augmented\pan\images\SYN-PAN-000012_low_resolution.png,synthetic_doc_dataset\annotations\pan\SYN-PAN-000012.json,1240,1754,SYNTHETIC / DEMO / NOT VALID,2026-09-05T07:35:07.628237+00:00
SYN-PAN-000013,SYN-PAN-000013,pan,test,False,,synthetic_doc_dataset\raw\pan\images\SYN-PAN-000013.png,synthetic_doc_dataset\annotations\pan\SYN-PAN-000013.json,1240,1754,SYNTHETIC / DEMO / NOT VALID,2026-09-05T07:35:07.776168+00:00
SYN-PAN-000013_blur,SYN-PAN-000013,pan,test,True,blur,synthetic_doc_dataset\augmented\pan\images\SYN-PAN-000013_blur.png,synthetic_doc_dataset\annotations\pan\SYN-PAN-000013.json,1240,1754,SYNTHETIC / DEMO / NOT VALID,2026-09-05T07:35:07.846333+00:00
SYN-PAN-000013_rotate,SYN-PAN-000013,pan,test,True,rotate,synthetic_doc_dataset\augmented\pan\images\SYN-PAN-000013_rotate.png,synthetic_doc_dataset\annotations\pan\SYN-PAN-000013.json,1240,1754,SYNTHETIC / DEMO / NOT VALID,2026-09-05T07:35:07.877874+00:00
SYN-PAN-000013_low_contrast,SYN-PAN-000013,pan,test,True,low_contrast,synthetic_doc_dataset\augmented\pan\images\SYN-PAN-000013_low_contrast.png,synthetic_doc_dataset\annotations\pan\SYN-PAN-000013.json,1240,1754,SYNTHETIC / DEMO / NOT VALID,2026-09-05T07:35:07.917526+00:00
SYN-PAN-000013_low_resolution,SYN-PAN-000013,pan,test,True,low_resolution,synthetic_doc_dataset\augmented\pan\images\SYN-PAN-000013_low_resolution.png,synthetic_doc_dataset\annotations\pan\SYN-PAN-000013.json,1240,1754,SYNTHETIC / DEMO / NOT VALID,2026-09-05T07:35:07.962562+00:00
SYN-PAN-000014,SYN-PAN-000014,pan,test,False,,synthetic_doc_dataset\raw\pan\images\SYN-PAN-000014.png,synthetic_doc_dataset\annotations\pan\SYN-PAN-000014.json,1240,1754,SYNTHETIC / DEMO / NOT VALID,2026-09-05T07:35:08.128522+00:00
SYN-PAN-000014_blur,SYN-PAN-000014,pan,test,True,blur,synthetic_doc_dataset\augmented\pan\images\SYN-PAN-000014_blur.png,synthetic_doc_dataset\annotations\pan\SYN-PAN-000014.json,1240,1754,SYNTHETIC / DEMO / NOT VALID,2026-09-05T07:35:08.201211+00:00
SYN-PAN-000014_rotate,SYN-PAN-000014,pan,test,True,rotate,synthetic_doc_dataset\augmented\pan\images\SYN-PAN-000014_rotate.png,synthetic_doc_dataset\annotations\pan\SYN-PAN-000014.json,1240,1754,SYNTHETIC / DEMO / NOT VALID,2026-09-05T07:35:08.230003+00:00
SYN-PAN-000014_low_contrast,SYN-PAN-000014,pan,test,True,low_contrast,synthetic_doc_dataset\augmented\pan\images\SYN-PAN-000014_low_contrast.png,synthetic_doc_dataset\annotations\pan\SYN-PAN-000014.json,1240,1754,SYNTHETIC / DEMO / NOT VALID,2026-09-05T07:35:08.270179+00:00
SYN-PAN-000014_low_resolution,SYN-PAN-000014,pan,test,True,low_resolution,synthetic_doc_dataset\augmented\pan\images\SYN-PAN-000014_low_resolution.png,synthetic_doc_dataset\annotations\pan\SYN-PAN-000014.json,1240,1754,SYNTHETIC / DEMO / NOT VALID,2026-09-05T07:35:08.315702+00:00
SYN-PAN-000015,SYN-PAN-000015,pan,test,False,,synthetic_doc_dataset\raw\pan\images\SYN-PAN-000015.png,synthetic_doc_dataset\annotations\pan\SYN-PAN-000015.json,1240,1754,SYNTHETIC / DEMO / NOT VALID,2026-09-05T07:35:08.462905+00:00
SYN-PAN-000015_blur,SYN-PAN-000015,pan,test,True,blur,synthetic_doc_dataset\augmented\pan\images\SYN-PAN-000015_blur.png,synthetic_doc_dataset\annotations\pan\SYN-PAN-000015.json,1240,1754,SYNTHETIC / DEMO / NOT VALID,2026-09-05T07:35:08.534633+00:00
SYN-PAN-000015_rotate,SYN-PAN-000015,pan,test,True,rotate,synthetic_doc_dataset\augmented\pan\images\SYN-PAN-000015_rotate.png,synthetic_doc_dataset\annotations\pan\SYN-PAN-000015.json,1240,1754,SYNTHETIC / DEMO / NOT VALID,2026-09-05T07:35:08.569480+00:00
SYN-PAN-000015_low_contrast,SYN-PAN-000015,pan,test,True,low_contrast,synthetic_doc_dataset\augmented\pan\images\SYN-PAN-000015_low_contrast.png,synthetic_doc_dataset\annotations\pan\SYN-PAN-000015.json,1240,1754,SYNTHETIC / DEMO / NOT VALID,2026-09-05T07:35:08.608817+00:00
SYN-PAN-000015_low_resolution,SYN-PAN-000015,pan,test,True,low_resolution,synthetic_doc_dataset\augmented\pan\images\SYN-PAN-000015_low_resolution.png,synthetic_doc_dataset\annotations\pan\SYN-PAN-000015.json,1240,1754,SYNTHETIC / DEMO / NOT VALID,2026-09-05T07:35:08.652688+00:00
SYN-MCA-000001,SYN-MCA-000001,mca,train,False,,synthetic_doc_dataset\raw\mca\images\SYN-MCA-000001.png,synthetic_doc_dataset\annotations\mca\SYN-MCA-000001.json,1240,1754,SYNTHETIC / DEMO / NOT VALID,2026-09-05T07:35:08.800383+00:00
SYN-MCA-000001_blur,SYN-MCA-000001,mca,train,True,blur,synthetic_doc_dataset\augmented\mca\images\SYN-MCA-000001_blur.png,synthetic_doc_dataset\annotations\mca\SYN-MCA-000001.json,1240,1754,SYNTHETIC / DEMO / NOT VALID,2026-09-05T07:35:08.875342+00:00
SYN-MCA-000001_rotate,SYN-MCA-000001,mca,train,True,rotate,synthetic_doc_dataset\augmented\mca\images\SYN-MCA-000001_rotate.png,synthetic_doc_dataset\annotations\mca\SYN-MCA-000001.json,1240,1754,SYNTHETIC / DEMO / NOT VALID,2026-09-05T07:35:08.910063+00:00
SYN-MCA-000001_low_contrast,SYN-MCA-000001,mca,train,True,low_contrast,synthetic_doc_dataset\augmented\mca\images\SYN-MCA-000001_low_contrast.png,synthetic_doc_dataset\annotations\mca\SYN-MCA-000001.json,1240,1754,SYNTHETIC / DEMO / NOT VALID,2026-09-05T07:35:08.953038+00:00
SYN-MCA-000001_low_resolution,SYN-MCA-000001,mca,train,True,low_resolution,synthetic_doc_dataset\augmented\mca\images\SYN-MCA-000001_low_resolution.png,synthetic_doc_dataset\annotations\mca\SYN-MCA-000001.json,1240,1754,SYNTHETIC / DEMO / NOT VALID,2026-09-05T07:35:09.003514+00:00
SYN-MCA-000002,SYN-MCA-000002,mca,train,False,,synthetic_doc_dataset\raw\mca\images\SYN-MCA-000002.png,synthetic_doc_dataset\annotations\mca\SYN-MCA-000002.json,1240,1754,SYNTHETIC / DEMO / NOT VALID,2026-09-05T07:35:09.161708+00:00
SYN-MCA-000002_blur,SYN-MCA-000002,mca,train,True,blur,synthetic_doc_dataset\augmented\mca\images\SYN-MCA-000002_blur.png,synthetic_doc_dataset\annotations\mca\SYN-MCA-000002.json,1240,1754,SYNTHETIC / DEMO / NOT VALID,2026-09-05T07:35:09.242762+00:00
SYN-MCA-000002_rotate,SYN-MCA-000002,mca,train,True,rotate,synthetic_doc_dataset\augmented\mca\images\SYN-MCA-000002_rotate.png,synthetic_doc_dataset\annotations\mca\SYN-MCA-000002.json,1240,1754,SYNTHETIC / DEMO / NOT VALID,2026-09-05T07:35:09.280397+00:00
SYN-MCA-000002_low_contrast,SYN-MCA-000002,mca,train,True,low_contrast,synthetic_doc_dataset\augmented\mca\images\SYN-MCA-000002_low_contrast.png,synthetic_doc_dataset\annotations\mca\SYN-MCA-000002.json,1240,1754,SYNTHETIC / DEMO / NOT VALID,2026-09-05T07:35:09.324129+00:00
SYN-MCA-000002_low_resolution,SYN-MCA-000002,mca,train,True,low_resolution,synthetic_doc_dataset\augmented\mca\images\SYN-MCA-000002_low_resolution.png,synthetic_doc_dataset\annotations\mca\SYN-MCA-000002.json,1240,1754,SYNTHETIC / DEMO / NOT VALID,2026-09-05T07:35:09.373077+00:00
SYN-MCA-000003,SYN-MCA-000003,mca,train,False,,synthetic_doc_dataset\raw\mca\images\SYN-MCA-000003.png,synthetic_doc_dataset\annotations\mca\SYN-MCA-000003.json,1240,1754,SYNTHETIC / DEMO / NOT VALID,2026-09-05T07:35:09.531730+00:00
SYN-MCA-000003_blur,SYN-MCA-000003,mca,train,True,blur,synthetic_doc_dataset\augmented\mca\images\SYN-MCA-000003_blur.png,synthetic_doc_dataset\annotations\mca\SYN-MCA-000003.json,1240,1754,SYNTHETIC / DEMO / NOT VALID,2026-09-05T07:35:09.608808+00:00
SYN-MCA-000003_rotate,SYN-MCA-000003,mca,train,True,rotate,synthetic_doc_dataset\augmented\mca\images\SYN-MCA-000003_rotate.png,synthetic_doc_dataset\annotations\mca\SYN-MCA-000003.json,1240,1754,SYNTHETIC / DEMO / NOT VALID,2026-09-05T07:35:09.647268+00:00
SYN-MCA-000003_low_contrast,SYN-MCA-000003,mca,train,True,low_contrast,synthetic_doc_dataset\augmented\mca\images\SYN-MCA-000003_low_contrast.png,synthetic_doc_dataset\annotations\mca\SYN-MCA-000003.json,1240,1754,SYNTHETIC / DEMO / NOT VALID,2026-09-05T07:35:09.690529+00:00
SYN-MCA-000003_low_resolution,SYN-MCA-000003,mca,train,True,low_resolution,synthetic_doc_dataset\augmented\mca\images\SYN-MCA-000003_low_resolution.png,synthetic_doc_dataset\annotations\mca\SYN-MCA-000003.json,1240,1754,SYNTHETIC / DEMO / NOT VALID,2026-09-05T07:35:09.739565+00:00
SYN-MCA-000004,SYN-MCA-000004,mca,train,False,,synthetic_doc_dataset\raw\mca\images\SYN-MCA-000004.png,synthetic_doc_dataset\annotations\mca\SYN-MCA-000004.json,1240,1754,SYNTHETIC / DEMO / NOT VALID,2026-09-05T07:35:09.907848+00:00
SYN-MCA-000004_blur,SYN-MCA-000004,mca,train,True,blur,synthetic_doc_dataset\augmented\mca\images\SYN-MCA-000004_blur.png,synthetic_doc_dataset\annotations\mca\SYN-MCA-000004.json,1240,1754,SYNTHETIC / DEMO / NOT VALID,2026-09-05T07:35:09.989056+00:00
SYN-MCA-000004_rotate,SYN-MCA-000004,mca,train,True,rotate,synthetic_doc_dataset\augmented\mca\images\SYN-MCA-000004_rotate.png,synthetic_doc_dataset\annotations\mca\SYN-MCA-000004.json,1240,1754,SYNTHETIC / DEMO / NOT VALID,2026-09-05T07:35:10.022629+00:00
SYN-MCA-000004_low_contrast,SYN-MCA-000004,mca,train,True,low_contrast,synthetic_doc_dataset\augmented\mca\images\SYN-MCA-000004_low_contrast.png,synthetic_doc_dataset\annotations\mca\SYN-MCA-000004.json,1240,1754,SYNTHETIC / DEMO / NOT VALID,2026-09-05T07:35:10.065740+00:00
SYN-MCA-000004_low_resolution,SYN-MCA-000004,mca,train,True,low_resolution,synthetic_doc_dataset\augmented\mca\images\SYN-MCA-000004_low_resolution.png,synthetic_doc_dataset\annotations\mca\SYN-MCA-000004.json,1240,1754,SYNTHETIC / DEMO / NOT VALID,2026-09-05T07:35:10.116141+00:00
SYN-MCA-000005,SYN-MCA-000005,mca,train,False,,synthetic_doc_dataset\raw\mca\images\SYN-MCA-000005.png,synthetic_doc_dataset\annotations\mca\SYN-MCA-000005.json,1240,1754,SYNTHETIC / DEMO / NOT VALID,2026-09-05T07:35:10.270166+00:00
SYN-MCA-000005_blur,SYN-MCA-000005,mca,train,True,blur,synthetic_doc_dataset\augmented\mca\images\SYN-MCA-000005_blur.png,synthetic_doc_dataset\annotations\mca\SYN-MCA-000005.json,1240,1754,SYNTHETIC / DEMO / NOT VALID,2026-09-05T07:35:10.349931+00:00
SYN-MCA-000005_rotate,SYN-MCA-000005,mca,train,True,rotate,synthetic_doc_dataset\augmented\mca\images\SYN-MCA-000005_rotate.png,synthetic_doc_dataset\annotations\mca\SYN-MCA-000005.json,1240,1754,SYNTHETIC / DEMO / NOT VALID,2026-09-05T07:35:10.386563+00:00
SYN-MCA-000005_low_contrast,SYN-MCA-000005,mca,train,True,low_contrast,synthetic_doc_dataset\augmented\mca\images\SYN-MCA-000005_low_contrast.png,synthetic_doc_dataset\annotations\mca\SYN-MCA-000005.json,1240,1754,SYNTHETIC / DEMO / NOT VALID,2026-09-05T07:35:10.432475+00:00
SYN-MCA-000005_low_resolution,SYN-MCA-000005,mca,train,True,low_resolution,synthetic_doc_dataset\augmented\mca\images\SYN-MCA-000005_low_resolution.png,synthetic_doc_dataset\annotations\mca\SYN-MCA-000005.json,1240,1754,SYNTHETIC / DEMO / NOT VALID,2026-09-05T07:35:10.484180+00:00
SYN-MCA-000006,SYN-MCA-000006,mca,train,False,,synthetic_doc_dataset\raw\mca\images\SYN-MCA-000006.png,synthetic_doc_dataset\annotations\mca\SYN-MCA-000006.json,1240,1754,SYNTHETIC / DEMO / NOT VALID,2026-09-05T07:35:10.654650+00:00
SYN-MCA-000006_blur,SYN-MCA-000006,mca,train,True,blur,synthetic_doc_dataset\augmented\mca\images\SYN-MCA-000006_blur.png,synthetic_doc_dataset\annotations\mca\SYN-MCA-000006.json,1240,1754,SYNTHETIC / DEMO / NOT VALID,2026-09-05T07:35:10.756115+00:00
SYN-MCA-000006_rotate,SYN-MCA-000006,mca,train,True,rotate,synthetic_doc_dataset\augmented\mca\images\SYN-MCA-000006_rotate.png,synthetic_doc_dataset\annotations\mca\SYN-MCA-000006.json,1240,1754,SYNTHETIC / DEMO / NOT VALID,2026-09-05T07:35:10.787785+00:00
SYN-MCA-000006_low_contrast,SYN-MCA-000006,mca,train,True,low_contrast,synthetic_doc_dataset\augmented\mca\images\SYN-MCA-000006_low_contrast.png,synthetic_doc_dataset\annotations\mca\SYN-MCA-000006.json,1240,1754,SYNTHETIC / DEMO / NOT VALID,2026-09-05T07:35:10.828636+00:00
SYN-MCA-000006_low_resolution,SYN-MCA-000006,mca,train,True,low_resolution,synthetic_doc_dataset\augmented\mca\images\SYN-MCA-000006_low_resolution.png,synthetic_doc_dataset\annotations\mca\SYN-MCA-000006.json,1240,1754,SYNTHETIC / DEMO / NOT VALID,2026-09-05T07:35:10.878570+00:00
SYN-MCA-000007,SYN-MCA-000007,mca,train,False,,synthetic_doc_dataset\raw\mca\images\SYN-MCA-000007.png,synthetic_doc_dataset\annotations\mca\SYN-MCA-000007.json,1240,1754,SYNTHETIC / DEMO / NOT VALID,2026-09-05T07:35:11.049607+00:00
SYN-MCA-000007_blur,SYN-MCA-000007,mca,train,True,blur,synthetic_doc_dataset\augmented\mca\images\SYN-MCA-000007_blur.png,synthetic_doc_dataset\annotations\mca\SYN-MCA-000007.json,1240,1754,SYNTHETIC / DEMO / NOT VALID,2026-09-05T07:35:11.127318+00:00
SYN-MCA-000007_rotate,SYN-MCA-000007,mca,train,True,rotate,synthetic_doc_dataset\augmented\mca\images\SYN-MCA-000007_rotate.png,synthetic_doc_dataset\annotations\mca\SYN-MCA-000007.json,1240,1754,SYNTHETIC / DEMO / NOT VALID,2026-09-05T07:35:11.161622+00:00
SYN-MCA-000007_low_contrast,SYN-MCA-000007,mca,train,True,low_contrast,synthetic_doc_dataset\augmented\mca\images\SYN-MCA-000007_low_contrast.png,synthetic_doc_dataset\annotations\mca\SYN-MCA-000007.json,1240,1754,SYNTHETIC / DEMO / NOT VALID,2026-09-05T07:35:11.202959+00:00
SYN-MCA-000007_low_resolution,SYN-MCA-000007,mca,train,True,low_resolution,synthetic_doc_dataset\augmented\mca\images\SYN-MCA-000007_low_resolution.png,synthetic_doc_dataset\annotations\mca\SYN-MCA-000007.json,1240,1754,SYNTHETIC / DEMO / NOT VALID,2026-09-05T07:35:11.251412+00:00
SYN-MCA-000008,SYN-MCA-000008,mca,train,False,,synthetic_doc_dataset\raw\mca\images\SYN-MCA-000008.png,synthetic_doc_dataset\annotations\mca\SYN-MCA-000008.json,1240,1754,SYNTHETIC / DEMO / NOT VALID,2026-09-05T07:35:11.410420+00:00
SYN-MCA-000008_blur,SYN-MCA-000008,mca,train,True,blur,synthetic_doc_dataset\augmented\mca\images\SYN-MCA-000008_blur.png,synthetic_doc_dataset\annotations\mca\SYN-MCA-000008.json,1240,1754,SYNTHETIC / DEMO / NOT VALID,2026-09-05T07:35:11.488235+00:00
SYN-MCA-000008_rotate,SYN-MCA-000008,mca,train,True,rotate,synthetic_doc_dataset\augmented\mca\images\SYN-MCA-000008_rotate.png,synthetic_doc_dataset\annotations\mca\SYN-MCA-000008.json,1240,1754,SYNTHETIC / DEMO / NOT VALID,2026-09-05T07:35:11.524561+00:00
SYN-MCA-000008_low_contrast,SYN-MCA-000008,mca,train,True,low_contrast,synthetic_doc_dataset\augmented\mca\images\SYN-MCA-000008_low_contrast.png,synthetic_doc_dataset\annotations\mca\SYN-MCA-000008.json,1240,1754,SYNTHETIC / DEMO / NOT VALID,2026-09-05T07:35:11.568681+00:00
SYN-MCA-000008_low_resolution,SYN-MCA-000008,mca,train,True,low_resolution,synthetic_doc_dataset\augmented\mca\images\SYN-MCA-000008_low_resolution.png,synthetic_doc_dataset\annotations\mca\SYN-MCA-000008.json,1240,1754,SYNTHETIC / DEMO / NOT VALID,2026-09-05T07:35:11.624999+00:00
SYN-MCA-000009,SYN-MCA-000009,mca,train,False,,synthetic_doc_dataset\raw\mca\images\SYN-MCA-000009.png,synthetic_doc_dataset\annotations\mca\SYN-MCA-000009.json,1240,1754,SYNTHETIC / DEMO / NOT VALID,2026-09-05T07:35:11.780679+00:00
SYN-MCA-000009_blur,SYN-MCA-000009,mca,train,True,blur,synthetic_doc_dataset\augmented\mca\images\SYN-MCA-000009_blur.png,synthetic_doc_dataset\annotations\mca\SYN-MCA-000009.json,1240,1754,SYNTHETIC / DEMO / NOT VALID,2026-09-05T07:35:11.856808+00:00
SYN-MCA-000009_rotate,SYN-MCA-000009,mca,train,True,rotate,synthetic_doc_dataset\augmented\mca\images\SYN-MCA-000009_rotate.png,synthetic_doc_dataset\annotations\mca\SYN-MCA-000009.json,1240,1754,SYNTHETIC / DEMO / NOT VALID,2026-09-05T07:35:11.894970+00:00
SYN-MCA-000009_low_contrast,SYN-MCA-000009,mca,train,True,low_contrast,synthetic_doc_dataset\augmented\mca\images\SYN-MCA-000009_low_contrast.png,synthetic_doc_dataset\annotations\mca\SYN-MCA-000009.json,1240,1754,SYNTHETIC / DEMO / NOT VALID,2026-09-05T07:35:11.939026+00:00
SYN-MCA-000009_low_resolution,SYN-MCA-000009,mca,train,True,low_resolution,synthetic_doc_dataset\augmented\mca\images\SYN-MCA-000009_low_resolution.png,synthetic_doc_dataset\annotations\mca\SYN-MCA-000009.json,1240,1754,SYNTHETIC / DEMO / NOT VALID,2026-09-05T07:35:11.988323+00:00
SYN-MCA-000010,SYN-MCA-000010,mca,train,False,,synthetic_doc_dataset\raw\mca\images\SYN-MCA-000010.png,synthetic_doc_dataset\annotations\mca\SYN-MCA-000010.json,1240,1754,SYNTHETIC / DEMO / NOT VALID,2026-09-05T07:35:12.139668+00:00
SYN-MCA-000010_blur,SYN-MCA-000010,mca,train,True,blur,synthetic_doc_dataset\augmented\mca\images\SYN-MCA-000010_blur.png,synthetic_doc_dataset\annotations\mca\SYN-MCA-000010.json,1240,1754,SYNTHETIC / DEMO / NOT VALID,2026-09-05T07:35:12.215758+00:00
SYN-MCA-000010_rotate,SYN-MCA-000010,mca,train,True,rotate,synthetic_doc_dataset\augmented\mca\images\SYN-MCA-000010_rotate.png,synthetic_doc_dataset\annotations\mca\SYN-MCA-000010.json,1240,1754,SYNTHETIC / DEMO / NOT VALID,2026-09-05T07:35:12.253141+00:00
SYN-MCA-000010_low_contrast,SYN-MCA-000010,mca,train,True,low_contrast,synthetic_doc_dataset\augmented\mca\images\SYN-MCA-000010_low_contrast.png,synthetic_doc_dataset\annotations\mca\SYN-MCA-000010.json,1240,1754,SYNTHETIC / DEMO / NOT VALID,2026-09-05T07:35:12.295132+00:00
SYN-MCA-000010_low_resolution,SYN-MCA-000010,mca,train,True,low_resolution,synthetic_doc_dataset\augmented\mca\images\SYN-MCA-000010_low_resolution.png,synthetic_doc_dataset\annotations\mca\SYN-MCA-000010.json,1240,1754,SYNTHETIC / DEMO / NOT VALID,2026-09-05T07:35:12.343485+00:00
SYN-MCA-000011,SYN-MCA-000011,mca,val,False,,synthetic_doc_dataset\raw\mca\images\SYN-MCA-000011.png,synthetic_doc_dataset\annotations\mca\SYN-MCA-000011.json,1240,1754,SYNTHETIC / DEMO / NOT VALID,2026-09-05T07:35:12.508712+00:00
SYN-MCA-000011_blur,SYN-MCA-000011,mca,val,True,blur,synthetic_doc_dataset\augmented\mca\images\SYN-MCA-000011_blur.png,synthetic_doc_dataset\annotations\mca\SYN-MCA-000011.json,1240,1754,SYNTHETIC / DEMO / NOT VALID,2026-09-05T07:35:12.604407+00:00
SYN-MCA-000011_rotate,SYN-MCA-000011,mca,val,True,rotate,synthetic_doc_dataset\augmented\mca\images\SYN-MCA-000011_rotate.png,synthetic_doc_dataset\annotations\mca\SYN-MCA-000011.json,1240,1754,SYNTHETIC / DEMO / NOT VALID,2026-09-05T07:35:12.654558+00:00
SYN-MCA-000011_low_contrast,SYN-MCA-000011,mca,val,True,low_contrast,synthetic_doc_dataset\augmented\mca\images\SYN-MCA-000011_low_contrast.png,synthetic_doc_dataset\annotations\mca\SYN-MCA-000011.json,1240,1754,SYNTHETIC / DEMO / NOT VALID,2026-09-05T07:35:12.694397+00:00
SYN-MCA-000011_low_resolution,SYN-MCA-000011,mca,val,True,low_resolution,synthetic_doc_dataset\augmented\mca\images\SYN-MCA-000011_low_resolution.png,synthetic_doc_dataset\annotations\mca\SYN-MCA-000011.json,1240,1754,SYNTHETIC / DEMO / NOT VALID,2026-09-05T07:35:12.743942+00:00
SYN-MCA-000012,SYN-MCA-000012,mca,val,False,,synthetic_doc_dataset\raw\mca\images\SYN-MCA-000012.png,synthetic_doc_dataset\annotations\mca\SYN-MCA-000012.json,1240,1754,SYNTHETIC / DEMO / NOT VALID,2026-09-05T07:35:12.903754+00:00
SYN-MCA-000012_blur,SYN-MCA-000012,mca,val,True,blur,synthetic_doc_dataset\augmented\mca\images\SYN-MCA-000012_blur.png,synthetic_doc_dataset\annotations\mca\SYN-MCA-000012.json,1240,1754,SYNTHETIC / DEMO / NOT VALID,2026-09-05T07:35:12.998868+00:00
SYN-MCA-000012_rotate,SYN-MCA-000012,mca,val,True,rotate,synthetic_doc_dataset\augmented\mca\images\SYN-MCA-000012_rotate.png,synthetic_doc_dataset\annotations\mca\SYN-MCA-000012.json,1240,1754,SYNTHETIC / DEMO / NOT VALID,2026-09-05T07:35:13.039026+00:00
SYN-MCA-000012_low_contrast,SYN-MCA-000012,mca,val,True,low_contrast,synthetic_doc_dataset\augmented\mca\images\SYN-MCA-000012_low_contrast.png,synthetic_doc_dataset\annotations\mca\SYN-MCA-000012.json,1240,1754,SYNTHETIC / DEMO / NOT VALID,2026-09-05T07:35:13.086619+00:00
SYN-MCA-000012_low_resolution,SYN-MCA-000012,mca,val,True,low_resolution,synthetic_doc_dataset\augmented\mca\images\SYN-MCA-000012_low_resolution.png,synthetic_doc_dataset\annotations\mca\SYN-MCA-000012.json,1240,1754,SYNTHETIC / DEMO / NOT VALID,2026-09-05T07:35:13.134645+00:00
SYN-MCA-000013,SYN-MCA-000013,mca,test,False,,synthetic_doc_dataset\raw\mca\images\SYN-MCA-000013.png,synthetic_doc_dataset\annotations\mca\SYN-MCA-000013.json,1240,1754,SYNTHETIC / DEMO / NOT VALID,2026-09-05T07:35:13.316890+00:00
SYN-MCA-000013_blur,SYN-MCA-000013,mca,test,True,blur,synthetic_doc_dataset\augmented\mca\images\SYN-MCA-000013_blur.png,synthetic_doc_dataset\annotations\mca\SYN-MCA-000013.json,1240,1754,SYNTHETIC / DEMO / NOT VALID,2026-09-05T07:35:13.394053+00:00
SYN-MCA-000013_rotate,SYN-MCA-000013,mca,test,True,rotate,synthetic_doc_dataset\augmented\mca\images\SYN-MCA-000013_rotate.png,synthetic_doc_dataset\annotations\mca\SYN-MCA-000013.json,1240,1754,SYNTHETIC / DEMO / NOT VALID,2026-09-05T07:35:13.428871+00:00
SYN-MCA-000013_low_contrast,SYN-MCA-000013,mca,test,True,low_contrast,synthetic_doc_dataset\augmented\mca\images\SYN-MCA-000013_low_contrast.png,synthetic_doc_dataset\annotations\mca\SYN-MCA-000013.json,1240,1754,SYNTHETIC / DEMO / NOT VALID,2026-09-05T07:35:13.470610+00:00
SYN-MCA-000013_low_resolution,SYN-MCA-000013,mca,test,True,low_resolution,synthetic_doc_dataset\augmented\mca\images\SYN-MCA-000013_low_resolution.png,synthetic_doc_dataset\annotations\mca\SYN-MCA-000013.json,1240,1754,SYNTHETIC / DEMO / NOT VALID,2026-09-05T07:35:13.518494+00:00
SYN-MCA-000014,SYN-MCA-000014,mca,test,False,,synthetic_doc_dataset\raw\mca\images\SYN-MCA-000014.png,synthetic_doc_dataset\annotations\mca\SYN-MCA-000014.json,1240,1754,SYNTHETIC / DEMO / NOT VALID,2026-09-05T07:35:13.671464+00:00
SYN-MCA-000014_blur,SYN-MCA-000014,mca,test,True,blur,synthetic_doc_dataset\augmented\mca\images\SYN-MCA-000014_blur.png,synthetic_doc_dataset\annotations\mca\SYN-MCA-000014.json,1240,1754,SYNTHETIC / DEMO / NOT VALID,2026-09-05T07:35:13.745166+00:00
SYN-MCA-000014_rotate,SYN-MCA-000014,mca,test,True,rotate,synthetic_doc_dataset\augmented\mca\images\SYN-MCA-000014_rotate.png,synthetic_doc_dataset\annotations\mca\SYN-MCA-000014.json,1240,1754,SYNTHETIC / DEMO / NOT VALID,2026-09-05T07:35:13.779576+00:00
SYN-MCA-000014_low_contrast,SYN-MCA-000014,mca,test,True,low_contrast,synthetic_doc_dataset\augmented\mca\images\SYN-MCA-000014_low_contrast.png,synthetic_doc_dataset\annotations\mca\SYN-MCA-000014.json,1240,1754,SYNTHETIC / DEMO / NOT VALID,2026-09-05T07:35:13.827643+00:00
SYN-MCA-000014_low_resolution,SYN-MCA-000014,mca,test,True,low_resolution,synthetic_doc_dataset\augmented\mca\images\SYN-MCA-000014_low_resolution.png,synthetic_doc_dataset\annotations\mca\SYN-MCA-000014.json,1240,1754,SYNTHETIC / DEMO / NOT VALID,2026-09-05T07:35:13.884820+00:00
SYN-MCA-000015,SYN-MCA-000015,mca,test,False,,synthetic_doc_dataset\raw\mca\images\SYN-MCA-000015.png,synthetic_doc_dataset\annotations\mca\SYN-MCA-000015.json,1240,1754,SYNTHETIC / DEMO / NOT VALID,2026-09-05T07:35:14.036989+00:00
SYN-MCA-000015_blur,SYN-MCA-000015,mca,test,True,blur,synthetic_doc_dataset\augmented\mca\images\SYN-MCA-000015_blur.png,synthetic_doc_dataset\annotations\mca\SYN-MCA-000015.json,1240,1754,SYNTHETIC / DEMO / NOT VALID,2026-09-05T07:35:14.111304+00:00
SYN-MCA-000015_rotate,SYN-MCA-000015,mca,test,True,rotate,synthetic_doc_dataset\augmented\mca\images\SYN-MCA-000015_rotate.png,synthetic_doc_dataset\annotations\mca\SYN-MCA-000015.json,1240,1754,SYNTHETIC / DEMO / NOT VALID,2026-09-05T07:35:14.152874+00:00
SYN-MCA-000015_low_contrast,SYN-MCA-000015,mca,test,True,low_contrast,synthetic_doc_dataset\augmented\mca\images\SYN-MCA-000015_low_contrast.png,synthetic_doc_dataset\annotations\mca\SYN-MCA-000015.json,1240,1754,SYNTHETIC / DEMO / NOT VALID,2026-09-05T07:35:14.203667+00:00
SYN-MCA-000015_low_resolution,SYN-MCA-000015,mca,test,True,low_resolution,synthetic_doc_dataset\augmented\mca\images\SYN-MCA-000015_low_resolution.png,synthetic_doc_dataset\annotations\mca\SYN-MCA-000015.json,1240,1754,SYNTHETIC / DEMO / NOT VALID,2026-09-05T07:35:14.252559+00:00
SYN-GST-000001,SYN-GST-000001,gst,train,False,,synthetic_doc_dataset\raw\gst\images\SYN-GST-000001.png,synthetic_doc_dataset\annotations\gst\SYN-GST-000001.json,1240,1754,SYNTHETIC / DEMO / NOT VALID,2026-09-05T07:35:14.413103+00:00
SYN-GST-000001_blur,SYN-GST-000001,gst,train,True,blur,synthetic_doc_dataset\augmented\gst\images\SYN-GST-000001_blur.png,synthetic_doc_dataset\annotations\gst\SYN-GST-000001.json,1240,1754,SYNTHETIC / DEMO / NOT VALID,2026-09-05T07:35:14.492900+00:00
SYN-GST-000001_rotate,SYN-GST-000001,gst,train,True,rotate,synthetic_doc_dataset\augmented\gst\images\SYN-GST-000001_rotate.png,synthetic_doc_dataset\annotations\gst\SYN-GST-000001.json,1240,1754,SYNTHETIC / DEMO / NOT VALID,2026-09-05T07:35:14.539084+00:00
SYN-GST-000001_low_contrast,SYN-GST-000001,gst,train,True,low_contrast,synthetic_doc_dataset\augmented\gst\images\SYN-GST-000001_low_contrast.png,synthetic_doc_dataset\annotations\gst\SYN-GST-000001.json,1240,1754,SYNTHETIC / DEMO / NOT VALID,2026-09-05T07:35:14.591046+00:00
SYN-GST-000001_low_resolution,SYN-GST-000001,gst,train,True,low_resolution,synthetic_doc_dataset\augmented\gst\images\SYN-GST-000001_low_resolution.png,synthetic_doc_dataset\annotations\gst\SYN-GST-000001.json,1240,1754,SYNTHETIC / DEMO / NOT VALID,2026-09-05T07:35:14.654334+00:00
SYN-GST-000002,SYN-GST-000002,gst,train,False,,synthetic_doc_dataset\raw\gst\images\SYN-GST-000002.png,synthetic_doc_dataset\annotations\gst\SYN-GST-000002.json,1240,1754,SYNTHETIC / DEMO / NOT VALID,2026-09-05T07:35:14.830778+00:00
SYN-GST-000002_blur,SYN-GST-000002,gst,train,True,blur,synthetic_doc_dataset\augmented\gst\images\SYN-GST-000002_blur.png,synthetic_doc_dataset\annotations\gst\SYN-GST-000002.json,1240,1754,SYNTHETIC / DEMO / NOT VALID,2026-09-05T07:35:14.912724+00:00
SYN-GST-000002_rotate,SYN-GST-000002,gst,train,True,rotate,synthetic_doc_dataset\augmented\gst\images\SYN-GST-000002_rotate.png,synthetic_doc_dataset\annotations\gst\SYN-GST-000002.json,1240,1754,SYNTHETIC / DEMO / NOT VALID,2026-09-05T07:35:14.950841+00:00
SYN-GST-000002_low_contrast,SYN-GST-000002,gst,train,True,low_contrast,synthetic_doc_dataset\augmented\gst\images\SYN-GST-000002_low_contrast.png,synthetic_doc_dataset\annotations\gst\SYN-GST-000002.json,1240,1754,SYNTHETIC / DEMO / NOT VALID,2026-09-05T07:35:14.993896+00:00
SYN-GST-000002_low_resolution,SYN-GST-000002,gst,train,True,low_resolution,synthetic_doc_dataset\augmented\gst\images\SYN-GST-000002_low_resolution.png,synthetic_doc_dataset\annotations\gst\SYN-GST-000002.json,1240,1754,SYNTHETIC / DEMO / NOT VALID,2026-09-05T07:35:15.048851+00:00
SYN-GST-000003,SYN-GST-000003,gst,train,False,,synthetic_doc_dataset\raw\gst\images\SYN-GST-000003.png,synthetic_doc_dataset\annotations\gst\SYN-GST-000003.json,1240,1754,SYNTHETIC / DEMO / NOT VALID,2026-09-05T07:35:15.240531+00:00
SYN-GST-000003_blur,SYN-GST-000003,gst,train,True,blur,synthetic_doc_dataset\augmented\gst\images\SYN-GST-000003_blur.png,synthetic_doc_dataset\annotations\gst\SYN-GST-000003.json,1240,1754,SYNTHETIC / DEMO / NOT VALID,2026-09-05T07:35:15.325649+00:00
SYN-GST-000003_rotate,SYN-GST-000003,gst,train,True,rotate,synthetic_doc_dataset\augmented\gst\images\SYN-GST-000003_rotate.png,synthetic_doc_dataset\annotations\gst\SYN-GST-000003.json,1240,1754,SYNTHETIC / DEMO / NOT VALID,2026-09-05T07:35:15.363709+00:00
SYN-GST-000003_low_contrast,SYN-GST-000003,gst,train,True,low_contrast,synthetic_doc_dataset\augmented\gst\images\SYN-GST-000003_low_contrast.png,synthetic_doc_dataset\annotations\gst\SYN-GST-000003.json,1240,1754,SYNTHETIC / DEMO / NOT VALID,2026-09-05T07:35:15.407713+00:00
SYN-GST-000003_low_resolution,SYN-GST-000003,gst,train,True,low_resolution,synthetic_doc_dataset\augmented\gst\images\SYN-GST-000003_low_resolution.png,synthetic_doc_dataset\annotations\gst\SYN-GST-000003.json,1240,1754,SYNTHETIC / DEMO / NOT VALID,2026-09-05T07:35:15.460295+00:00
SYN-GST-000004,SYN-GST-000004,gst,train,False,,synthetic_doc_dataset\raw\gst\images\SYN-GST-000004.png,synthetic_doc_dataset\annotations\gst\SYN-GST-000004.json,1240,1754,SYNTHETIC / DEMO / NOT VALID,2026-09-05T07:35:15.639326+00:00
SYN-GST-000004_blur,SYN-GST-000004,gst,train,True,blur,synthetic_doc_dataset\augmented\gst\images\SYN-GST-000004_blur.png,synthetic_doc_dataset\annotations\gst\SYN-GST-000004.json,1240,1754,SYNTHETIC / DEMO / NOT VALID,2026-09-05T07:35:15.725257+00:00
SYN-GST-000004_rotate,SYN-GST-000004,gst,train,True,rotate,synthetic_doc_dataset\augmented\gst\images\SYN-GST-000004_rotate.png,synthetic_doc_dataset\annotations\gst\SYN-GST-000004.json,1240,1754,SYNTHETIC / DEMO / NOT VALID,2026-09-05T07:35:15.762319+00:00
SYN-GST-000004_low_contrast,SYN-GST-000004,gst,train,True,low_contrast,synthetic_doc_dataset\augmented\gst\images\SYN-GST-000004_low_contrast.png,synthetic_doc_dataset\annotations\gst\SYN-GST-000004.json,1240,1754,SYNTHETIC / DEMO / NOT VALID,2026-09-05T07:35:15.807066+00:00
SYN-GST-000004_low_resolution,SYN-GST-000004,gst,train,True,low_resolution,synthetic_doc_dataset\augmented\gst\images\SYN-GST-000004_low_resolution.png,synthetic_doc_dataset\annotations\gst\SYN-GST-000004.json,1240,1754,SYNTHETIC / DEMO / NOT VALID,2026-09-05T07:35:15.860416+00:00
SYN-GST-000005,SYN-GST-000005,gst,train,False,,synthetic_doc_dataset\raw\gst\images\SYN-GST-000005.png,synthetic_doc_dataset\annotations\gst\SYN-GST-000005.json,1240,1754,SYNTHETIC / DEMO / NOT VALID,2026-09-05T07:35:16.035642+00:00
SYN-GST-000005_blur,SYN-GST-000005,gst,train,True,blur,synthetic_doc_dataset\augmented\gst\images\SYN-GST-000005_blur.png,synthetic_doc_dataset\annotations\gst\SYN-GST-000005.json,1240,1754,SYNTHETIC / DEMO / NOT VALID,2026-09-05T07:35:16.122479+00:00
SYN-GST-000005_rotate,SYN-GST-000005,gst,train,True,rotate,synthetic_doc_dataset\augmented\gst\images\SYN-GST-000005_rotate.png,synthetic_doc_dataset\annotations\gst\SYN-GST-000005.json,1240,1754,SYNTHETIC / DEMO / NOT VALID,2026-09-05T07:35:16.162863+00:00
SYN-GST-000005_low_contrast,SYN-GST-000005,gst,train,True,low_contrast,synthetic_doc_dataset\augmented\gst\images\SYN-GST-000005_low_contrast.png,synthetic_doc_dataset\annotations\gst\SYN-GST-000005.json,1240,1754,SYNTHETIC / DEMO / NOT VALID,2026-09-05T07:35:16.211104+00:00
SYN-GST-000005_low_resolution,SYN-GST-000005,gst,train,True,low_resolution,synthetic_doc_dataset\augmented\gst\images\SYN-GST-000005_low_resolution.png,synthetic_doc_dataset\annotations\gst\SYN-GST-000005.json,1240,1754,SYNTHETIC / DEMO / NOT VALID,2026-09-05T07:35:16.269641+00:00
SYN-GST-000006,SYN-GST-000006,gst,train,False,,synthetic_doc_dataset\raw\gst\images\SYN-GST-000006.png,synthetic_doc_dataset\annotations\gst\SYN-GST-000006.json,1240,1754,SYNTHETIC / DEMO / NOT VALID,2026-09-05T07:35:16.433360+00:00
SYN-GST-000006_blur,SYN-GST-000006,gst,train,True,blur,synthetic_doc_dataset\augmented\gst\images\SYN-GST-000006_blur.png,synthetic_doc_dataset\annotations\gst\SYN-GST-000006.json,1240,1754,SYNTHETIC / DEMO / NOT VALID,2026-09-05T07:35:16.515908+00:00
SYN-GST-000006_rotate,SYN-GST-000006,gst,train,True,rotate,synthetic_doc_dataset\augmented\gst\images\SYN-GST-000006_rotate.png,synthetic_doc_dataset\annotations\gst\SYN-GST-000006.json,1240,1754,SYNTHETIC / DEMO / NOT VALID,2026-09-05T07:35:16.558898+00:00
SYN-GST-000006_low_contrast,SYN-GST-000006,gst,train,True,low_contrast,synthetic_doc_dataset\augmented\gst\images\SYN-GST-000006_low_contrast.png,synthetic_doc_dataset\annotations\gst\SYN-GST-000006.json,1240,1754,SYNTHETIC / DEMO / NOT VALID,2026-09-05T07:35:16.611332+00:00
SYN-GST-000006_low_resolution,SYN-GST-000006,gst,train,True,low_resolution,synthetic_doc_dataset\augmented\gst\images\SYN-GST-000006_low_resolution.png,synthetic_doc_dataset\annotations\gst\SYN-GST-000006.json,1240,1754,SYNTHETIC / DEMO / NOT VALID,2026-09-05T07:35:16.683583+00:00
SYN-GST-000007,SYN-GST-000007,gst,train,False,,synthetic_doc_dataset\raw\gst\images\SYN-GST-000007.png,synthetic_doc_dataset\annotations\gst\SYN-GST-000007.json,1240,1754,SYNTHETIC / DEMO / NOT VALID,2026-09-05T07:35:16.843492+00:00
SYN-GST-000007_blur,SYN-GST-000007,gst,train,True,blur,synthetic_doc_dataset\augmented\gst\images\SYN-GST-000007_blur.png,synthetic_doc_dataset\annotations\gst\SYN-GST-000007.json,1240,1754,SYNTHETIC / DEMO / NOT VALID,2026-09-05T07:35:16.922760+00:00
SYN-GST-000007_rotate,SYN-GST-000007,gst,train,True,rotate,synthetic_doc_dataset\augmented\gst\images\SYN-GST-000007_rotate.png,synthetic_doc_dataset\annotations\gst\SYN-GST-000007.json,1240,1754,SYNTHETIC / DEMO / NOT VALID,2026-09-05T07:35:16.968274+00:00
SYN-GST-000007_low_contrast,SYN-GST-000007,gst,train,True,low_contrast,synthetic_doc_dataset\augmented\gst\images\SYN-GST-000007_low_contrast.png,synthetic_doc_dataset\annotations\gst\SYN-GST-000007.json,1240,1754,SYNTHETIC / DEMO / NOT VALID,2026-09-05T07:35:17.009707+00:00
SYN-GST-000007_low_resolution,SYN-GST-000007,gst,train,True,low_resolution,synthetic_doc_dataset\augmented\gst\images\SYN-GST-000007_low_resolution.png,synthetic_doc_dataset\annotations\gst\SYN-GST-000007.json,1240,1754,SYNTHETIC / DEMO / NOT VALID,2026-09-05T07:35:17.061538+00:00
SYN-GST-000008,SYN-GST-000008,gst,train,False,,synthetic_doc_dataset\raw\gst\images\SYN-GST-000008.png,synthetic_doc_dataset\annotations\gst\SYN-GST-000008.json,1240,1754,SYNTHETIC / DEMO / NOT VALID,2026-09-05T07:35:17.226209+00:00
SYN-GST-000008_blur,SYN-GST-000008,gst,train,True,blur,synthetic_doc_dataset\augmented\gst\images\SYN-GST-000008_blur.png,synthetic_doc_dataset\annotations\gst\SYN-GST-000008.json,1240,1754,SYNTHETIC / DEMO / NOT VALID,2026-09-05T07:35:17.307347+00:00
SYN-GST-000008_rotate,SYN-GST-000008,gst,train,True,rotate,synthetic_doc_dataset\augmented\gst\images\SYN-GST-000008_rotate.png,synthetic_doc_dataset\annotations\gst\SYN-GST-000008.json,1240,1754,SYNTHETIC / DEMO / NOT VALID,2026-09-05T07:35:17.343202+00:00
SYN-GST-000008_low_contrast,SYN-GST-000008,gst,train,True,low_contrast,synthetic_doc_dataset\augmented\gst\images\SYN-GST-000008_low_contrast.png,synthetic_doc_dataset\annotations\gst\SYN-GST-000008.json,1240,1754,SYNTHETIC / DEMO / NOT VALID,2026-09-05T07:35:17.385818+00:00
SYN-GST-000008_low_resolution,SYN-GST-000008,gst,train,True,low_resolution,synthetic_doc_dataset\augmented\gst\images\SYN-GST-000008_low_resolution.png,synthetic_doc_dataset\annotations\gst\SYN-GST-000008.json,1240,1754,SYNTHETIC / DEMO / NOT VALID,2026-09-05T07:35:17.436467+00:00
SYN-GST-000009,SYN-GST-000009,gst,train,False,,synthetic_doc_dataset\raw\gst\images\SYN-GST-000009.png,synthetic_doc_dataset\annotations\gst\SYN-GST-000009.json,1240,1754,SYNTHETIC / DEMO / NOT VALID,2026-09-05T07:35:17.590186+00:00
SYN-GST-000009_blur,SYN-GST-000009,gst,train,True,blur,synthetic_doc_dataset\augmented\gst\images\SYN-GST-000009_blur.png,synthetic_doc_dataset\annotations\gst\SYN-GST-000009.json,1240,1754,SYNTHETIC / DEMO / NOT VALID,2026-09-05T07:35:17.666831+00:00
SYN-GST-000009_rotate,SYN-GST-000009,gst,train,True,rotate,synthetic_doc_dataset\augmented\gst\images\SYN-GST-000009_rotate.png,synthetic_doc_dataset\annotations\gst\SYN-GST-000009.json,1240,1754,SYNTHETIC / DEMO / NOT VALID,2026-09-05T07:35:17.703045+00:00
SYN-GST-000009_low_contrast,SYN-GST-000009,gst,train,True,low_contrast,synthetic_doc_dataset\augmented\gst\images\SYN-GST-000009_low_contrast.png,synthetic_doc_dataset\annotations\gst\SYN-GST-000009.json,1240,1754,SYNTHETIC / DEMO / NOT VALID,2026-09-05T07:35:17.745560+00:00
SYN-GST-000009_low_resolution,SYN-GST-000009,gst,train,True,low_resolution,synthetic_doc_dataset\augmented\gst\images\SYN-GST-000009_low_resolution.png,synthetic_doc_dataset\annotations\gst\SYN-GST-000009.json,1240,1754,SYNTHETIC / DEMO / NOT VALID,2026-09-05T07:35:17.791770+00:00
SYN-GST-000010,SYN-GST-000010,gst,train,False,,synthetic_doc_dataset\raw\gst\images\SYN-GST-000010.png,synthetic_doc_dataset\annotations\gst\SYN-GST-000010.json,1240,1754,SYNTHETIC / DEMO / NOT VALID,2026-09-05T07:35:17.984523+00:00
SYN-GST-000010_blur,SYN-GST-000010,gst,train,True,blur,synthetic_doc_dataset\augmented\gst\images\SYN-GST-000010_blur.png,synthetic_doc_dataset\annotations\gst\SYN-GST-000010.json,1240,1754,SYNTHETIC / DEMO / NOT VALID,2026-09-05T07:35:18.057496+00:00
SYN-GST-000010_rotate,SYN-GST-000010,gst,train,True,rotate,synthetic_doc_dataset\augmented\gst\images\SYN-GST-000010_rotate.png,synthetic_doc_dataset\annotations\gst\SYN-GST-000010.json,1240,1754,SYNTHETIC / DEMO / NOT VALID,2026-09-05T07:35:18.092984+00:00
SYN-GST-000010_low_contrast,SYN-GST-000010,gst,train,True,low_contrast,synthetic_doc_dataset\augmented\gst\images\SYN-GST-000010_low_contrast.png,synthetic_doc_dataset\annotations\gst\SYN-GST-000010.json,1240,1754,SYNTHETIC / DEMO / NOT VALID,2026-09-05T07:35:18.133685+00:00
SYN-GST-000010_low_resolution,SYN-GST-000010,gst,train,True,low_resolution,synthetic_doc_dataset\augmented\gst\images\SYN-GST-000010_low_resolution.png,synthetic_doc_dataset\annotations\gst\SYN-GST-000010.json,1240,1754,SYNTHETIC / DEMO / NOT VALID,2026-09-05T07:35:18.182164+00:00
SYN-GST-000011,SYN-GST-000011,gst,val,False,,synthetic_doc_dataset\raw\gst\images\SYN-GST-000011.png,synthetic_doc_dataset\annotations\gst\SYN-GST-000011.json,1240,1754,SYNTHETIC / DEMO / NOT VALID,2026-09-05T07:35:18.351769+00:00
SYN-GST-000011_blur,SYN-GST-000011,gst,val,True,blur,synthetic_doc_dataset\augmented\gst\images\SYN-GST-000011_blur.png,synthetic_doc_dataset\annotations\gst\SYN-GST-000011.json,1240,1754,SYNTHETIC / DEMO / NOT VALID,2026-09-05T07:35:18.435296+00:00
SYN-GST-000011_rotate,SYN-GST-000011,gst,val,True,rotate,synthetic_doc_dataset\augmented\gst\images\SYN-GST-000011_rotate.png,synthetic_doc_dataset\annotations\gst\SYN-GST-000011.json,1240,1754,SYNTHETIC / DEMO / NOT VALID,2026-09-05T07:35:18.470943+00:00
SYN-GST-000011_low_contrast,SYN-GST-000011,gst,val,True,low_contrast,synthetic_doc_dataset\augmented\gst\images\SYN-GST-000011_low_contrast.png,synthetic_doc_dataset\annotations\gst\SYN-GST-000011.json,1240,1754,SYNTHETIC / DEMO / NOT VALID,2026-09-05T07:35:18.510374+00:00
SYN-GST-000011_low_resolution,SYN-GST-000011,gst,val,True,low_resolution,synthetic_doc_dataset\augmented\gst\images\SYN-GST-000011_low_resolution.png,synthetic_doc_dataset\annotations\gst\SYN-GST-000011.json,1240,1754,SYNTHETIC / DEMO / NOT VALID,2026-09-05T07:35:18.566559+00:00
SYN-GST-000012,SYN-GST-000012,gst,val,False,,synthetic_doc_dataset\raw\gst\images\SYN-GST-000012.png,synthetic_doc_dataset\annotations\gst\SYN-GST-000012.json,1240,1754,SYNTHETIC / DEMO / NOT VALID,2026-09-05T07:35:18.724818+00:00
SYN-GST-000012_blur,SYN-GST-000012,gst,val,True,blur,synthetic_doc_dataset\augmented\gst\images\SYN-GST-000012_blur.png,synthetic_doc_dataset\annotations\gst\SYN-GST-000012.json,1240,1754,SYNTHETIC / DEMO / NOT VALID,2026-09-05T07:35:18.797477+00:00
SYN-GST-000012_rotate,SYN-GST-000012,gst,val,True,rotate,synthetic_doc_dataset\augmented\gst\images\SYN-GST-000012_rotate.png,synthetic_doc_dataset\annotations\gst\SYN-GST-000012.json,1240,1754,SYNTHETIC / DEMO / NOT VALID,2026-09-05T07:35:18.830834+00:00
SYN-GST-000012_low_contrast,SYN-GST-000012,gst,val,True,low_contrast,synthetic_doc_dataset\augmented\gst\images\SYN-GST-000012_low_contrast.png,synthetic_doc_dataset\annotations\gst\SYN-GST-000012.json,1240,1754,SYNTHETIC / DEMO / NOT VALID,2026-09-05T07:35:18.872644+00:00
SYN-GST-000012_low_resolution,SYN-GST-000012,gst,val,True,low_resolution,synthetic_doc_dataset\augmented\gst\images\SYN-GST-000012_low_resolution.png,synthetic_doc_dataset\annotations\gst\SYN-GST-000012.json,1240,1754,SYNTHETIC / DEMO / NOT VALID,2026-09-05T07:35:18.921541+00:00
SYN-GST-000013,SYN-GST-000013,gst,test,False,,synthetic_doc_dataset\raw\gst\images\SYN-GST-000013.png,synthetic_doc_dataset\annotations\gst\SYN-GST-000013.json,1240,1754,SYNTHETIC / DEMO / NOT VALID,2026-09-05T07:35:19.083935+00:00
SYN-GST-000013_blur,SYN-GST-000013,gst,test,True,blur,synthetic_doc_dataset\augmented\gst\images\SYN-GST-000013_blur.png,synthetic_doc_dataset\annotations\gst\SYN-GST-000013.json,1240,1754,SYNTHETIC / DEMO / NOT VALID,2026-09-05T07:35:19.160159+00:00
SYN-GST-000013_rotate,SYN-GST-000013,gst,test,True,rotate,synthetic_doc_dataset\augmented\gst\images\SYN-GST-000013_rotate.png,synthetic_doc_dataset\annotations\gst\SYN-GST-000013.json,1240,1754,SYNTHETIC / DEMO / NOT VALID,2026-09-05T07:35:19.198850+00:00
SYN-GST-000013_low_contrast,SYN-GST-000013,gst,test,True,low_contrast,synthetic_doc_dataset\augmented\gst\images\SYN-GST-000013_low_contrast.png,synthetic_doc_dataset\annotations\gst\SYN-GST-000013.json,1240,1754,SYNTHETIC / DEMO / NOT VALID,2026-09-05T07:35:19.240001+00:00
SYN-GST-000013_low_resolution,SYN-GST-000013,gst,test,True,low_resolution,synthetic_doc_dataset\augmented\gst\images\SYN-GST-000013_low_resolution.png,synthetic_doc_dataset\annotations\gst\SYN-GST-000013.json,1240,1754,SYNTHETIC / DEMO / NOT VALID,2026-09-05T07:35:19.318604+00:00
SYN-GST-000014,SYN-GST-000014,gst,test,False,,synthetic_doc_dataset\raw\gst\images\SYN-GST-000014.png,synthetic_doc_dataset\annotations\gst\SYN-GST-000014.json,1240,1754,SYNTHETIC / DEMO / NOT VALID,2026-09-05T07:35:19.485644+00:00
SYN-GST-000014_blur,SYN-GST-000014,gst,test,True,blur,synthetic_doc_dataset\augmented\gst\images\SYN-GST-000014_blur.png,synthetic_doc_dataset\annotations\gst\SYN-GST-000014.json,1240,1754,SYNTHETIC / DEMO / NOT VALID,2026-09-05T07:35:19.572522+00:00
SYN-GST-000014_rotate,SYN-GST-000014,gst,test,True,rotate,synthetic_doc_dataset\augmented\gst\images\SYN-GST-000014_rotate.png,synthetic_doc_dataset\annotations\gst\SYN-GST-000014.json,1240,1754,SYNTHETIC / DEMO / NOT VALID,2026-09-05T07:35:19.608020+00:00
SYN-GST-000014_low_contrast,SYN-GST-000014,gst,test,True,low_contrast,synthetic_doc_dataset\augmented\gst\images\SYN-GST-000014_low_contrast.png,synthetic_doc_dataset\annotations\gst\SYN-GST-000014.json,1240,1754,SYNTHETIC / DEMO / NOT VALID,2026-09-05T07:35:19.649656+00:00
SYN-GST-000014_low_resolution,SYN-GST-000014,gst,test,True,low_resolution,synthetic_doc_dataset\augmented\gst\images\SYN-GST-000014_low_resolution.png,synthetic_doc_dataset\annotations\gst\SYN-GST-000014.json,1240,1754,SYNTHETIC / DEMO / NOT VALID,2026-09-05T07:35:19.698279+00:00
SYN-GST-000015,SYN-GST-000015,gst,test,False,,synthetic_doc_dataset\raw\gst\images\SYN-GST-000015.png,synthetic_doc_dataset\annotations\gst\SYN-GST-000015.json,1240,1754,SYNTHETIC / DEMO / NOT VALID,2026-09-05T07:35:19.866375+00:00
SYN-GST-000015_blur,SYN-GST-000015,gst,test,True,blur,synthetic_doc_dataset\augmented\gst\images\SYN-GST-000015_blur.png,synthetic_doc_dataset\annotations\gst\SYN-GST-000015.json,1240,1754,SYNTHETIC / DEMO / NOT VALID,2026-09-05T07:35:19.942185+00:00
SYN-GST-000015_rotate,SYN-GST-000015,gst,test,True,rotate,synthetic_doc_dataset\augmented\gst\images\SYN-GST-000015_rotate.png,synthetic_doc_dataset\annotations\gst\SYN-GST-000015.json,1240,1754,SYNTHETIC / DEMO / NOT VALID,2026-09-05T07:35:19.976532+00:00
SYN-GST-000015_low_contrast,SYN-GST-000015,gst,test,True,low_contrast,synthetic_doc_dataset\augmented\gst\images\SYN-GST-000015_low_contrast.png,synthetic_doc_dataset\annotations\gst\SYN-GST-000015.json,1240,1754,SYNTHETIC / DEMO / NOT VALID,2026-09-05T07:35:20.022689+00:00
SYN-GST-000015_low_resolution,SYN-GST-000015,gst,test,True,low_resolution,synthetic_doc_dataset\augmented\gst\images\SYN-GST-000015_low_resolution.png,synthetic_doc_dataset\annotations\gst\SYN-GST-000015.json,1240,1754,SYNTHETIC / DEMO / NOT VALID,2026-09-05T07:35:20.071424+00:00
SYN-DPIIT-000001,SYN-DPIIT-000001,dpiit,train,False,,synthetic_doc_dataset\raw\dpiit\images\SYN-DPIIT-000001.png,synthetic_doc_dataset\annotations\dpiit\SYN-DPIIT-000001.json,1240,1754,SYNTHETIC / DEMO / NOT VALID,2026-09-05T07:35:20.234175+00:00
SYN-DPIIT-000001_blur,SYN-DPIIT-000001,dpiit,train,True,blur,synthetic_doc_dataset\augmented\dpiit\images\SYN-DPIIT-000001_blur.png,synthetic_doc_dataset\annotations\dpiit\SYN-DPIIT-000001.json,1240,1754,SYNTHETIC / DEMO / NOT VALID,2026-09-05T07:35:20.314171+00:00
SYN-DPIIT-000001_rotate,SYN-DPIIT-000001,dpiit,train,True,rotate,synthetic_doc_dataset\augmented\dpiit\images\SYN-DPIIT-000001_rotate.png,synthetic_doc_dataset\annotations\dpiit\SYN-DPIIT-000001.json,1240,1754,SYNTHETIC / DEMO / NOT VALID,2026-09-05T07:35:20.347734+00:00
SYN-DPIIT-000001_low_contrast,SYN-DPIIT-000001,dpiit,train,True,low_contrast,synthetic_doc_dataset\augmented\dpiit\images\SYN-DPIIT-000001_low_contrast.png,synthetic_doc_dataset\annotations\dpiit\SYN-DPIIT-000001.json,1240,1754,SYNTHETIC / DEMO / NOT VALID,2026-09-05T07:35:20.390344+00:00
SYN-DPIIT-000001_low_resolution,SYN-DPIIT-000001,dpiit,train,True,low_resolution,synthetic_doc_dataset\augmented\dpiit\images\SYN-DPIIT-000001_low_resolution.png,synthetic_doc_dataset\annotations\dpiit\SYN-DPIIT-000001.json,1240,1754,SYNTHETIC / DEMO / NOT VALID,2026-09-05T07:35:20.436168+00:00
SYN-DPIIT-000002,SYN-DPIIT-000002,dpiit,train,False,,synthetic_doc_dataset\raw\dpiit\images\SYN-DPIIT-000002.png,synthetic_doc_dataset\annotations\dpiit\SYN-DPIIT-000002.json,1240,1754,SYNTHETIC / DEMO / NOT VALID,2026-09-05T07:35:20.587706+00:00
SYN-DPIIT-000002_blur,SYN-DPIIT-000002,dpiit,train,True,blur,synthetic_doc_dataset\augmented\dpiit\images\SYN-DPIIT-000002_blur.png,synthetic_doc_dataset\annotations\dpiit\SYN-DPIIT-000002.json,1240,1754,SYNTHETIC / DEMO / NOT VALID,2026-09-05T07:35:20.665673+00:00
SYN-DPIIT-000002_rotate,SYN-DPIIT-000002,dpiit,train,True,rotate,synthetic_doc_dataset\augmented\dpiit\images\SYN-DPIIT-000002_rotate.png,synthetic_doc_dataset\annotations\dpiit\SYN-DPIIT-000002.json,1240,1754,SYNTHETIC / DEMO / NOT VALID,2026-09-05T07:35:20.702722+00:00
SYN-DPIIT-000002_low_contrast,SYN-DPIIT-000002,dpiit,train,True,low_contrast,synthetic_doc_dataset\augmented\dpiit\images\SYN-DPIIT-000002_low_contrast.png,synthetic_doc_dataset\annotations\dpiit\SYN-DPIIT-000002.json,1240,1754,SYNTHETIC / DEMO / NOT VALID,2026-09-05T07:35:20.742769+00:00
SYN-DPIIT-000002_low_resolution,SYN-DPIIT-000002,dpiit,train,True,low_resolution,synthetic_doc_dataset\augmented\dpiit\images\SYN-DPIIT-000002_low_resolution.png,synthetic_doc_dataset\annotations\dpiit\SYN-DPIIT-000002.json,1240,1754,SYNTHETIC / DEMO / NOT VALID,2026-09-05T07:35:20.792989+00:00
SYN-DPIIT-000003,SYN-DPIIT-000003,dpiit,train,False,,synthetic_doc_dataset\raw\dpiit\images\SYN-DPIIT-000003.png,synthetic_doc_dataset\annotations\dpiit\SYN-DPIIT-000003.json,1240,1754,SYNTHETIC / DEMO / NOT VALID,2026-09-05T07:35:20.949297+00:00
SYN-DPIIT-000003_blur,SYN-DPIIT-000003,dpiit,train,True,blur,synthetic_doc_dataset\augmented\dpiit\images\SYN-DPIIT-000003_blur.png,synthetic_doc_dataset\annotations\dpiit\SYN-DPIIT-000003.json,1240,1754,SYNTHETIC / DEMO / NOT VALID,2026-09-05T07:35:21.022367+00:00
SYN-DPIIT-000003_rotate,SYN-DPIIT-000003,dpiit,train,True,rotate,synthetic_doc_dataset\augmented\dpiit\images\SYN-DPIIT-000003_rotate.png,synthetic_doc_dataset\annotations\dpiit\SYN-DPIIT-000003.json,1240,1754,SYNTHETIC / DEMO / NOT VALID,2026-09-05T07:35:21.057774+00:00
SYN-DPIIT-000003_low_contrast,SYN-DPIIT-000003,dpiit,train,True,low_contrast,synthetic_doc_dataset\augmented\dpiit\images\SYN-DPIIT-000003_low_contrast.png,synthetic_doc_dataset\annotations\dpiit\SYN-DPIIT-000003.json,1240,1754,SYNTHETIC / DEMO / NOT VALID,2026-09-05T07:35:21.097321+00:00
SYN-DPIIT-000003_low_resolution,SYN-DPIIT-000003,dpiit,train,True,low_resolution,synthetic_doc_dataset\augmented\dpiit\images\SYN-DPIIT-000003_low_resolution.png,synthetic_doc_dataset\annotations\dpiit\SYN-DPIIT-000003.json,1240,1754,SYNTHETIC / DEMO / NOT VALID,2026-09-05T07:35:21.144460+00:00
SYN-DPIIT-000004,SYN-DPIIT-000004,dpiit,train,False,,synthetic_doc_dataset\raw\dpiit\images\SYN-DPIIT-000004.png,synthetic_doc_dataset\annotations\dpiit\SYN-DPIIT-000004.json,1240,1754,SYNTHETIC / DEMO / NOT VALID,2026-09-05T07:35:21.312557+00:00
SYN-DPIIT-000004_blur,SYN-DPIIT-000004,dpiit,train,True,blur,synthetic_doc_dataset\augmented\dpiit\images\SYN-DPIIT-000004_blur.png,synthetic_doc_dataset\annotations\dpiit\SYN-DPIIT-000004.json,1240,1754,SYNTHETIC / DEMO / NOT VALID,2026-09-05T07:35:21.388041+00:00
SYN-DPIIT-000004_rotate,SYN-DPIIT-000004,dpiit,train,True,rotate,synthetic_doc_dataset\augmented\dpiit\images\SYN-DPIIT-000004_rotate.png,synthetic_doc_dataset\annotations\dpiit\SYN-DPIIT-000004.json,1240,1754,SYNTHETIC / DEMO / NOT VALID,2026-09-05T07:35:21.422225+00:00
SYN-DPIIT-000004_low_contrast,SYN-DPIIT-000004,dpiit,train,True,low_contrast,synthetic_doc_dataset\augmented\dpiit\images\SYN-DPIIT-000004_low_contrast.png,synthetic_doc_dataset\annotations\dpiit\SYN-DPIIT-000004.json,1240,1754,SYNTHETIC / DEMO / NOT VALID,2026-09-05T07:35:21.463085+00:00
SYN-DPIIT-000004_low_resolution,SYN-DPIIT-000004,dpiit,train,True,low_resolution,synthetic_doc_dataset\augmented\dpiit\images\SYN-DPIIT-000004_low_resolution.png,synthetic_doc_dataset\annotations\dpiit\SYN-DPIIT-000004.json,1240,1754,SYNTHETIC / DEMO / NOT VALID,2026-09-05T07:35:21.510513+00:00
SYN-DPIIT-000005,SYN-DPIIT-000005,dpiit,train,False,,synthetic_doc_dataset\raw\dpiit\images\SYN-DPIIT-000005.png,synthetic_doc_dataset\annotations\dpiit\SYN-DPIIT-000005.json,1240,1754,SYNTHETIC / DEMO / NOT VALID,2026-09-05T07:35:21.678960+00:00
SYN-DPIIT-000005_blur,SYN-DPIIT-000005,dpiit,train,True,blur,synthetic_doc_dataset\augmented\dpiit\images\SYN-DPIIT-000005_blur.png,synthetic_doc_dataset\annotations\dpiit\SYN-DPIIT-000005.json,1240,1754,SYNTHETIC / DEMO / NOT VALID,2026-09-05T07:35:21.757320+00:00
SYN-DPIIT-000005_rotate,SYN-DPIIT-000005,dpiit,train,True,rotate,synthetic_doc_dataset\augmented\dpiit\images\SYN-DPIIT-000005_rotate.png,synthetic_doc_dataset\annotations\dpiit\SYN-DPIIT-000005.json,1240,1754,SYNTHETIC / DEMO / NOT VALID,2026-09-05T07:35:21.790739+00:00
SYN-DPIIT-000005_low_contrast,SYN-DPIIT-000005,dpiit,train,True,low_contrast,synthetic_doc_dataset\augmented\dpiit\images\SYN-DPIIT-000005_low_contrast.png,synthetic_doc_dataset\annotations\dpiit\SYN-DPIIT-000005.json,1240,1754,SYNTHETIC / DEMO / NOT VALID,2026-09-05T07:35:21.835189+00:00
SYN-DPIIT-000005_low_resolution,SYN-DPIIT-000005,dpiit,train,True,low_resolution,synthetic_doc_dataset\augmented\dpiit\images\SYN-DPIIT-000005_low_resolution.png,synthetic_doc_dataset\annotations\dpiit\SYN-DPIIT-000005.json,1240,1754,SYNTHETIC / DEMO / NOT VALID,2026-09-05T07:35:21.883430+00:00
SYN-DPIIT-000006,SYN-DPIIT-000006,dpiit,train,False,,synthetic_doc_dataset\raw\dpiit\images\SYN-DPIIT-000006.png,synthetic_doc_dataset\annotations\dpiit\SYN-DPIIT-000006.json,1240,1754,SYNTHETIC / DEMO / NOT VALID,2026-09-05T07:35:22.062495+00:00
SYN-DPIIT-000006_blur,SYN-DPIIT-000006,dpiit,train,True,blur,synthetic_doc_dataset\augmented\dpiit\images\SYN-DPIIT-000006_blur.png,synthetic_doc_dataset\annotations\dpiit\SYN-DPIIT-000006.json,1240,1754,SYNTHETIC / DEMO / NOT VALID,2026-09-05T07:35:22.143084+00:00
SYN-DPIIT-000006_rotate,SYN-DPIIT-000006,dpiit,train,True,rotate,synthetic_doc_dataset\augmented\dpiit\images\SYN-DPIIT-000006_rotate.png,synthetic_doc_dataset\annotations\dpiit\SYN-DPIIT-000006.json,1240,1754,SYNTHETIC / DEMO / NOT VALID,2026-09-05T07:35:22.182088+00:00
SYN-DPIIT-000006_low_contrast,SYN-DPIIT-000006,dpiit,train,True,low_contrast,synthetic_doc_dataset\augmented\dpiit\images\SYN-DPIIT-000006_low_contrast.png,synthetic_doc_dataset\annotations\dpiit\SYN-DPIIT-000006.json,1240,1754,SYNTHETIC / DEMO / NOT VALID,2026-09-05T07:35:22.225438+00:00
SYN-DPIIT-000006_low_resolution,SYN-DPIIT-000006,dpiit,train,True,low_resolution,synthetic_doc_dataset\augmented\dpiit\images\SYN-DPIIT-000006_low_resolution.png,synthetic_doc_dataset\annotations\dpiit\SYN-DPIIT-000006.json,1240,1754,SYNTHETIC / DEMO / NOT VALID,2026-09-05T07:35:22.272855+00:00
SYN-DPIIT-000007,SYN-DPIIT-000007,dpiit,train,False,,synthetic_doc_dataset\raw\dpiit\images\SYN-DPIIT-000007.png,synthetic_doc_dataset\annotations\dpiit\SYN-DPIIT-000007.json,1240,1754,SYNTHETIC / DEMO / NOT VALID,2026-09-05T07:35:22.424081+00:00
SYN-DPIIT-000007_blur,SYN-DPIIT-000007,dpiit,train,True,blur,synthetic_doc_dataset\augmented\dpiit\images\SYN-DPIIT-000007_blur.png,synthetic_doc_dataset\annotations\dpiit\SYN-DPIIT-000007.json,1240,1754,SYNTHETIC / DEMO / NOT VALID,2026-09-05T07:35:22.496123+00:00
SYN-DPIIT-000007_rotate,SYN-DPIIT-000007,dpiit,train,True,rotate,synthetic_doc_dataset\augmented\dpiit\images\SYN-DPIIT-000007_rotate.png,synthetic_doc_dataset\annotations\dpiit\SYN-DPIIT-000007.json,1240,1754,SYNTHETIC / DEMO / NOT VALID,2026-09-05T07:35:22.529468+00:00
SYN-DPIIT-000007_low_contrast,SYN-DPIIT-000007,dpiit,train,True,low_contrast,synthetic_doc_dataset\augmented\dpiit\images\SYN-DPIIT-000007_low_contrast.png,synthetic_doc_dataset\annotations\dpiit\SYN-DPIIT-000007.json,1240,1754,SYNTHETIC / DEMO / NOT VALID,2026-09-05T07:35:22.569565+00:00
SYN-DPIIT-000007_low_resolution,SYN-DPIIT-000007,dpiit,train,True,low_resolution,synthetic_doc_dataset\augmented\dpiit\images\SYN-DPIIT-000007_low_resolution.png,synthetic_doc_dataset\annotations\dpiit\SYN-DPIIT-000007.json,1240,1754,SYNTHETIC / DEMO / NOT VALID,2026-09-05T07:35:22.621622+00:00
SYN-DPIIT-000008,SYN-DPIIT-000008,dpiit,train,False,,synthetic_doc_dataset\raw\dpiit\images\SYN-DPIIT-000008.png,synthetic_doc_dataset\annotations\dpiit\SYN-DPIIT-000008.json,1240,1754,SYNTHETIC / DEMO / NOT VALID,2026-09-05T07:35:22.779684+00:00
SYN-DPIIT-000008_blur,SYN-DPIIT-000008,dpiit,train,True,blur,synthetic_doc_dataset\augmented\dpiit\images\SYN-DPIIT-000008_blur.png,synthetic_doc_dataset\annotations\dpiit\SYN-DPIIT-000008.json,1240,1754,SYNTHETIC / DEMO / NOT VALID,2026-09-05T07:35:22.855865+00:00
SYN-DPIIT-000008_rotate,SYN-DPIIT-000008,dpiit,train,True,rotate,synthetic_doc_dataset\augmented\dpiit\images\SYN-DPIIT-000008_rotate.png,synthetic_doc_dataset\annotations\dpiit\SYN-DPIIT-000008.json,1240,1754,SYNTHETIC / DEMO / NOT VALID,2026-09-05T07:35:22.900393+00:00
SYN-DPIIT-000008_low_contrast,SYN-DPIIT-000008,dpiit,train,True,low_contrast,synthetic_doc_dataset\augmented\dpiit\images\SYN-DPIIT-000008_low_contrast.png,synthetic_doc_dataset\annotations\dpiit\SYN-DPIIT-000008.json,1240,1754,SYNTHETIC / DEMO / NOT VALID,2026-09-05T07:35:22.948422+00:00
SYN-DPIIT-000008_low_resolution,SYN-DPIIT-000008,dpiit,train,True,low_resolution,synthetic_doc_dataset\augmented\dpiit\images\SYN-DPIIT-000008_low_resolution.png,synthetic_doc_dataset\annotations\dpiit\SYN-DPIIT-000008.json,1240,1754,SYNTHETIC / DEMO / NOT VALID,2026-09-05T07:35:22.996408+00:00
SYN-DPIIT-000009,SYN-DPIIT-000009,dpiit,train,False,,synthetic_doc_dataset\raw\dpiit\images\SYN-DPIIT-000009.png,synthetic_doc_dataset\annotations\dpiit\SYN-DPIIT-000009.json,1240,1754,SYNTHETIC / DEMO / NOT VALID,2026-09-05T07:35:23.164207+00:00
SYN-DPIIT-000009_blur,SYN-DPIIT-000009,dpiit,train,True,blur,synthetic_doc_dataset\augmented\dpiit\images\SYN-DPIIT-000009_blur.png,synthetic_doc_dataset\annotations\dpiit\SYN-DPIIT-000009.json,1240,1754,SYNTHETIC / DEMO / NOT VALID,2026-09-05T07:35:23.239630+00:00
SYN-DPIIT-000009_rotate,SYN-DPIIT-000009,dpiit,train,True,rotate,synthetic_doc_dataset\augmented\dpiit\images\SYN-DPIIT-000009_rotate.png,synthetic_doc_dataset\annotations\dpiit\SYN-DPIIT-000009.json,1240,1754,SYNTHETIC / DEMO / NOT VALID,2026-09-05T07:35:23.276987+00:00
SYN-DPIIT-000009_low_contrast,SYN-DPIIT-000009,dpiit,train,True,low_contrast,synthetic_doc_dataset\augmented\dpiit\images\SYN-DPIIT-000009_low_contrast.png,synthetic_doc_dataset\annotations\dpiit\SYN-DPIIT-000009.json,1240,1754,SYNTHETIC / DEMO / NOT VALID,2026-09-05T07:35:23.318274+00:00
SYN-DPIIT-000009_low_resolution,SYN-DPIIT-000009,dpiit,train,True,low_resolution,synthetic_doc_dataset\augmented\dpiit\images\SYN-DPIIT-000009_low_resolution.png,synthetic_doc_dataset\annotations\dpiit\SYN-DPIIT-000009.json,1240,1754,SYNTHETIC / DEMO / NOT VALID,2026-09-05T07:35:23.370826+00:00
SYN-DPIIT-000010,SYN-DPIIT-000010,dpiit,train,False,,synthetic_doc_dataset\raw\dpiit\images\SYN-DPIIT-000010.png,synthetic_doc_dataset\annotations\dpiit\SYN-DPIIT-000010.json,1240,1754,SYNTHETIC / DEMO / NOT VALID,2026-09-05T07:35:23.526734+00:00
SYN-DPIIT-000010_blur,SYN-DPIIT-000010,dpiit,train,True,blur,synthetic_doc_dataset\augmented\dpiit\images\SYN-DPIIT-000010_blur.png,synthetic_doc_dataset\annotations\dpiit\SYN-DPIIT-000010.json,1240,1754,SYNTHETIC / DEMO / NOT VALID,2026-09-05T07:35:23.599933+00:00
SYN-DPIIT-000010_rotate,SYN-DPIIT-000010,dpiit,train,True,rotate,synthetic_doc_dataset\augmented\dpiit\images\SYN-DPIIT-000010_rotate.png,synthetic_doc_dataset\annotations\dpiit\SYN-DPIIT-000010.json,1240,1754,SYNTHETIC / DEMO / NOT VALID,2026-09-05T07:35:23.636197+00:00
SYN-DPIIT-000010_low_contrast,SYN-DPIIT-000010,dpiit,train,True,low_contrast,synthetic_doc_dataset\augmented\dpiit\images\SYN-DPIIT-000010_low_contrast.png,synthetic_doc_dataset\annotations\dpiit\SYN-DPIIT-000010.json,1240,1754,SYNTHETIC / DEMO / NOT VALID,2026-09-05T07:35:23.679026+00:00
SYN-DPIIT-000010_low_resolution,SYN-DPIIT-000010,dpiit,train,True,low_resolution,synthetic_doc_dataset\augmented\dpiit\images\SYN-DPIIT-000010_low_resolution.png,synthetic_doc_dataset\annotations\dpiit\SYN-DPIIT-000010.json,1240,1754,SYNTHETIC / DEMO / NOT VALID,2026-09-05T07:35:23.729224+00:00
SYN-DPIIT-000011,SYN-DPIIT-000011,dpiit,val,False,,synthetic_doc_dataset\raw\dpiit\images\SYN-DPIIT-000011.png,synthetic_doc_dataset\annotations\dpiit\SYN-DPIIT-000011.json,1240,1754,SYNTHETIC / DEMO / NOT VALID,2026-09-05T07:35:23.882171+00:00
SYN-DPIIT-000011_blur,SYN-DPIIT-000011,dpiit,val,True,blur,synthetic_doc_dataset\augmented\dpiit\images\SYN-DPIIT-000011_blur.png,synthetic_doc_dataset\annotations\dpiit\SYN-DPIIT-000011.json,1240,1754,SYNTHETIC / DEMO / NOT VALID,2026-09-05T07:35:23.957453+00:00
SYN-DPIIT-000011_rotate,SYN-DPIIT-000011,dpiit,val,True,rotate,synthetic_doc_dataset\augmented\dpiit\images\SYN-DPIIT-000011_rotate.png,synthetic_doc_dataset\annotations\dpiit\SYN-DPIIT-000011.json,1240,1754,SYNTHETIC / DEMO / NOT VALID,2026-09-05T07:35:23.991192+00:00
SYN-DPIIT-000011_low_contrast,SYN-DPIIT-000011,dpiit,val,True,low_contrast,synthetic_doc_dataset\augmented\dpiit\images\SYN-DPIIT-000011_low_contrast.png,synthetic_doc_dataset\annotations\dpiit\SYN-DPIIT-000011.json,1240,1754,SYNTHETIC / DEMO / NOT VALID,2026-09-05T07:35:24.032084+00:00
SYN-DPIIT-000011_low_resolution,SYN-DPIIT-000011,dpiit,val,True,low_resolution,synthetic_doc_dataset\augmented\dpiit\images\SYN-DPIIT-000011_low_resolution.png,synthetic_doc_dataset\annotations\dpiit\SYN-DPIIT-000011.json,1240,1754,SYNTHETIC / DEMO / NOT VALID,2026-09-05T07:35:24.079105+00:00
SYN-DPIIT-000012,SYN-DPIIT-000012,dpiit,val,False,,synthetic_doc_dataset\raw\dpiit\images\SYN-DPIIT-000012.png,synthetic_doc_dataset\annotations\dpiit\SYN-DPIIT-000012.json,1240,1754,SYNTHETIC / DEMO / NOT VALID,2026-09-05T07:35:24.246985+00:00
SYN-DPIIT-000012_blur,SYN-DPIIT-000012,dpiit,val,True,blur,synthetic_doc_dataset\augmented\dpiit\images\SYN-DPIIT-000012_blur.png,synthetic_doc_dataset\annotations\dpiit\SYN-DPIIT-000012.json,1240,1754,SYNTHETIC / DEMO / NOT VALID,2026-09-05T07:35:24.326340+00:00
SYN-DPIIT-000012_rotate,SYN-DPIIT-000012,dpiit,val,True,rotate,synthetic_doc_dataset\augmented\dpiit\images\SYN-DPIIT-000012_rotate.png,synthetic_doc_dataset\annotations\dpiit\SYN-DPIIT-000012.json,1240,1754,SYNTHETIC / DEMO / NOT VALID,2026-09-05T07:35:24.360501+00:00
SYN-DPIIT-000012_low_contrast,SYN-DPIIT-000012,dpiit,val,True,low_contrast,synthetic_doc_dataset\augmented\dpiit\images\SYN-DPIIT-000012_low_contrast.png,synthetic_doc_dataset\annotations\dpiit\SYN-DPIIT-000012.json,1240,1754,SYNTHETIC / DEMO / NOT VALID,2026-09-05T07:35:24.399598+00:00
SYN-DPIIT-000012_low_resolution,SYN-DPIIT-000012,dpiit,val,True,low_resolution,synthetic_doc_dataset\augmented\dpiit\images\SYN-DPIIT-000012_low_resolution.png,synthetic_doc_dataset\annotations\dpiit\SYN-DPIIT-000012.json,1240,1754,SYNTHETIC / DEMO / NOT VALID,2026-09-05T07:35:24.446651+00:00
SYN-DPIIT-000013,SYN-DPIIT-000013,dpiit,test,False,,synthetic_doc_dataset\raw\dpiit\images\SYN-DPIIT-000013.png,synthetic_doc_dataset\annotations\dpiit\SYN-DPIIT-000013.json,1240,1754,SYNTHETIC / DEMO / NOT VALID,2026-09-05T07:35:24.597132+00:00
SYN-DPIIT-000013_blur,SYN-DPIIT-000013,dpiit,test,True,blur,synthetic_doc_dataset\augmented\dpiit\images\SYN-DPIIT-000013_blur.png,synthetic_doc_dataset\annotations\dpiit\SYN-DPIIT-000013.json,1240,1754,SYNTHETIC / DEMO / NOT VALID,2026-09-05T07:35:24.670388+00:00
SYN-DPIIT-000013_rotate,SYN-DPIIT-000013,dpiit,test,True,rotate,synthetic_doc_dataset\augmented\dpiit\images\SYN-DPIIT-000013_rotate.png,synthetic_doc_dataset\annotations\dpiit\SYN-DPIIT-000013.json,1240,1754,SYNTHETIC / DEMO / NOT VALID,2026-09-05T07:35:24.705108+00:00
SYN-DPIIT-000013_low_contrast,SYN-DPIIT-000013,dpiit,test,True,low_contrast,synthetic_doc_dataset\augmented\dpiit\images\SYN-DPIIT-000013_low_contrast.png,synthetic_doc_dataset\annotations\dpiit\SYN-DPIIT-000013.json,1240,1754,SYNTHETIC / DEMO / NOT VALID,2026-09-05T07:35:24.756004+00:00
SYN-DPIIT-000013_low_resolution,SYN-DPIIT-000013,dpiit,test,True,low_resolution,synthetic_doc_dataset\augmented\dpiit\images\SYN-DPIIT-000013_low_resolution.png,synthetic_doc_dataset\annotations\dpiit\SYN-DPIIT-000013.json,1240,1754,SYNTHETIC / DEMO / NOT VALID,2026-09-05T07:35:24.805809+00:00
SYN-DPIIT-000014,SYN-DPIIT-000014,dpiit,test,False,,synthetic_doc_dataset\raw\dpiit\images\SYN-DPIIT-000014.png,synthetic_doc_dataset\annotations\dpiit\SYN-DPIIT-000014.json,1240,1754,SYNTHETIC / DEMO / NOT VALID,2026-09-05T07:35:24.973964+00:00
SYN-DPIIT-000014_blur,SYN-DPIIT-000014,dpiit,test,True,blur,synthetic_doc_dataset\augmented\dpiit\images\SYN-DPIIT-000014_blur.png,synthetic_doc_dataset\annotations\dpiit\SYN-DPIIT-000014.json,1240,1754,SYNTHETIC / DEMO / NOT VALID,2026-09-05T07:35:25.075083+00:00
SYN-DPIIT-000014_rotate,SYN-DPIIT-000014,dpiit,test,True,rotate,synthetic_doc_dataset\augmented\dpiit\images\SYN-DPIIT-000014_rotate.png,synthetic_doc_dataset\annotations\dpiit\SYN-DPIIT-000014.json,1240,1754,SYNTHETIC / DEMO / NOT VALID,2026-09-05T07:35:25.109615+00:00
SYN-DPIIT-000014_low_contrast,SYN-DPIIT-000014,dpiit,test,True,low_contrast,synthetic_doc_dataset\augmented\dpiit\images\SYN-DPIIT-000014_low_contrast.png,synthetic_doc_dataset\annotations\dpiit\SYN-DPIIT-000014.json,1240,1754,SYNTHETIC / DEMO / NOT VALID,2026-09-05T07:35:25.153558+00:00
SYN-DPIIT-000014_low_resolution,SYN-DPIIT-000014,dpiit,test,True,low_resolution,synthetic_doc_dataset\augmented\dpiit\images\SYN-DPIIT-000014_low_resolution.png,synthetic_doc_dataset\annotations\dpiit\SYN-DPIIT-000014.json,1240,1754,SYNTHETIC / DEMO / NOT VALID,2026-09-05T07:35:25.199970+00:00
SYN-DPIIT-000015,SYN-DPIIT-000015,dpiit,test,False,,synthetic_doc_dataset\raw\dpiit\images\SYN-DPIIT-000015.png,synthetic_doc_dataset\annotations\dpiit\SYN-DPIIT-000015.json,1240,1754,SYNTHETIC / DEMO / NOT VALID,2026-09-05T07:35:25.349127+00:00
SYN-DPIIT-000015_blur,SYN-DPIIT-000015,dpiit,test,True,blur,synthetic_doc_dataset\augmented\dpiit\images\SYN-DPIIT-000015_blur.png,synthetic_doc_dataset\annotations\dpiit\SYN-DPIIT-000015.json,1240,1754,SYNTHETIC / DEMO / NOT VALID,2026-09-05T07:35:25.422479+00:00
SYN-DPIIT-000015_rotate,SYN-DPIIT-000015,dpiit,test,True,rotate,synthetic_doc_dataset\augmented\dpiit\images\SYN-DPIIT-000015_rotate.png,synthetic_doc_dataset\annotations\dpiit\SYN-DPIIT-000015.json,1240,1754,SYNTHETIC / DEMO / NOT VALID,2026-09-05T07:35:25.456446+00:00
SYN-DPIIT-000015_low_contrast,SYN-DPIIT-000015,dpiit,test,True,low_contrast,synthetic_doc_dataset\augmented\dpiit\images\SYN-DPIIT-000015_low_contrast.png,synthetic_doc_dataset\annotations\dpiit\SYN-DPIIT-000015.json,1240,1754,SYNTHETIC / DEMO / NOT VALID,2026-09-05T07:35:25.496777+00:00
SYN-DPIIT-000015_low_resolution,SYN-DPIIT-000015,dpiit,test,True,low_resolution,synthetic_doc_dataset\augmented\dpiit\images\SYN-DPIIT-000015_low_resolution.png,synthetic_doc_dataset\annotations\dpiit\SYN-DPIIT-000015.json,1240,1754,SYNTHETIC / DEMO / NOT VALID,2026-09-05T07:35:25.549374+00:00
SYN-UDYAM-000001,SYN-UDYAM-000001,udyam,train,False,,synthetic_doc_dataset\raw\udyam\images\SYN-UDYAM-000001.png,synthetic_doc_dataset\annotations\udyam\SYN-UDYAM-000001.json,1240,1754,SYNTHETIC / DEMO / NOT VALID,2026-09-05T07:35:25.713006+00:00
SYN-UDYAM-000001_blur,SYN-UDYAM-000001,udyam,train,True,blur,synthetic_doc_dataset\augmented\udyam\images\SYN-UDYAM-000001_blur.png,synthetic_doc_dataset\annotations\udyam\SYN-UDYAM-000001.json,1240,1754,SYNTHETIC / DEMO / NOT VALID,2026-09-05T07:35:25.786838+00:00
SYN-UDYAM-000001_rotate,SYN-UDYAM-000001,udyam,train,True,rotate,synthetic_doc_dataset\augmented\udyam\images\SYN-UDYAM-000001_rotate.png,synthetic_doc_dataset\annotations\udyam\SYN-UDYAM-000001.json,1240,1754,SYNTHETIC / DEMO / NOT VALID,2026-09-05T07:35:25.820542+00:00
SYN-UDYAM-000001_low_contrast,SYN-UDYAM-000001,udyam,train,True,low_contrast,synthetic_doc_dataset\augmented\udyam\images\SYN-UDYAM-000001_low_contrast.png,synthetic_doc_dataset\annotations\udyam\SYN-UDYAM-000001.json,1240,1754,SYNTHETIC / DEMO / NOT VALID,2026-09-05T07:35:25.861874+00:00
SYN-UDYAM-000001_low_resolution,SYN-UDYAM-000001,udyam,train,True,low_resolution,synthetic_doc_dataset\augmented\udyam\images\SYN-UDYAM-000001_low_resolution.png,synthetic_doc_dataset\annotations\udyam\SYN-UDYAM-000001.json,1240,1754,SYNTHETIC / DEMO / NOT VALID,2026-09-05T07:35:25.909022+00:00
SYN-UDYAM-000002,SYN-UDYAM-000002,udyam,train,False,,synthetic_doc_dataset\raw\udyam\images\SYN-UDYAM-000002.png,synthetic_doc_dataset\annotations\udyam\SYN-UDYAM-000002.json,1240,1754,SYNTHETIC / DEMO / NOT VALID,2026-09-05T07:35:26.074741+00:00
SYN-UDYAM-000002_blur,SYN-UDYAM-000002,udyam,train,True,blur,synthetic_doc_dataset\augmented\udyam\images\SYN-UDYAM-000002_blur.png,synthetic_doc_dataset\annotations\udyam\SYN-UDYAM-000002.json,1240,1754,SYNTHETIC / DEMO / NOT VALID,2026-09-05T07:35:26.162465+00:00
SYN-UDYAM-000002_rotate,SYN-UDYAM-000002,udyam,train,True,rotate,synthetic_doc_dataset\augmented\udyam\images\SYN-UDYAM-000002_rotate.png,synthetic_doc_dataset\annotations\udyam\SYN-UDYAM-000002.json,1240,1754,SYNTHETIC / DEMO / NOT VALID,2026-09-05T07:35:26.199109+00:00
SYN-UDYAM-000002_low_contrast,SYN-UDYAM-000002,udyam,train,True,low_contrast,synthetic_doc_dataset\augmented\udyam\images\SYN-UDYAM-000002_low_contrast.png,synthetic_doc_dataset\annotations\udyam\SYN-UDYAM-000002.json,1240,1754,SYNTHETIC / DEMO / NOT VALID,2026-09-05T07:35:26.238554+00:00
SYN-UDYAM-000002_low_resolution,SYN-UDYAM-000002,udyam,train,True,low_resolution,synthetic_doc_dataset\augmented\udyam\images\SYN-UDYAM-000002_low_resolution.png,synthetic_doc_dataset\annotations\udyam\SYN-UDYAM-000002.json,1240,1754,SYNTHETIC / DEMO / NOT VALID,2026-09-05T07:35:26.285469+00:00
SYN-UDYAM-000003,SYN-UDYAM-000003,udyam,train,False,,synthetic_doc_dataset\raw\udyam\images\SYN-UDYAM-000003.png,synthetic_doc_dataset\annotations\udyam\SYN-UDYAM-000003.json,1240,1754,SYNTHETIC / DEMO / NOT VALID,2026-09-05T07:35:26.455481+00:00
SYN-UDYAM-000003_blur,SYN-UDYAM-000003,udyam,train,True,blur,synthetic_doc_dataset\augmented\udyam\images\SYN-UDYAM-000003_blur.png,synthetic_doc_dataset\annotations\udyam\SYN-UDYAM-000003.json,1240,1754,SYNTHETIC / DEMO / NOT VALID,2026-09-05T07:35:26.528646+00:00
SYN-UDYAM-000003_rotate,SYN-UDYAM-000003,udyam,train,True,rotate,synthetic_doc_dataset\augmented\udyam\images\SYN-UDYAM-000003_rotate.png,synthetic_doc_dataset\annotations\udyam\SYN-UDYAM-000003.json,1240,1754,SYNTHETIC / DEMO / NOT VALID,2026-09-05T07:35:26.561980+00:00
SYN-UDYAM-000003_low_contrast,SYN-UDYAM-000003,udyam,train,True,low_contrast,synthetic_doc_dataset\augmented\udyam\images\SYN-UDYAM-000003_low_contrast.png,synthetic_doc_dataset\annotations\udyam\SYN-UDYAM-000003.json,1240,1754,SYNTHETIC / DEMO / NOT VALID,2026-09-05T07:35:26.602611+00:00
SYN-UDYAM-000003_low_resolution,SYN-UDYAM-000003,udyam,train,True,low_resolution,synthetic_doc_dataset\augmented\udyam\images\SYN-UDYAM-000003_low_resolution.png,synthetic_doc_dataset\annotations\udyam\SYN-UDYAM-000003.json,1240,1754,SYNTHETIC / DEMO / NOT VALID,2026-09-05T07:35:26.649756+00:00
SYN-UDYAM-000004,SYN-UDYAM-000004,udyam,train,False,,synthetic_doc_dataset\raw\udyam\images\SYN-UDYAM-000004.png,synthetic_doc_dataset\annotations\udyam\SYN-UDYAM-000004.json,1240,1754,SYNTHETIC / DEMO / NOT VALID,2026-09-05T07:35:26.804812+00:00
SYN-UDYAM-000004_blur,SYN-UDYAM-000004,udyam,train,True,blur,synthetic_doc_dataset\augmented\udyam\images\SYN-UDYAM-000004_blur.png,synthetic_doc_dataset\annotations\udyam\SYN-UDYAM-000004.json,1240,1754,SYNTHETIC / DEMO / NOT VALID,2026-09-05T07:35:26.880627+00:00
SYN-UDYAM-000004_rotate,SYN-UDYAM-000004,udyam,train,True,rotate,synthetic_doc_dataset\augmented\udyam\images\SYN-UDYAM-000004_rotate.png,synthetic_doc_dataset\annotations\udyam\SYN-UDYAM-000004.json,1240,1754,SYNTHETIC / DEMO / NOT VALID,2026-09-05T07:35:26.914858+00:00
SYN-UDYAM-000004_low_contrast,SYN-UDYAM-000004,udyam,train,True,low_contrast,synthetic_doc_dataset\augmented\udyam\images\SYN-UDYAM-000004_low_contrast.png,synthetic_doc_dataset\annotations\udyam\SYN-UDYAM-000004.json,1240,1754,SYNTHETIC / DEMO / NOT VALID,2026-09-05T07:35:26.956814+00:00
SYN-UDYAM-000004_low_resolution,SYN-UDYAM-000004,udyam,train,True,low_resolution,synthetic_doc_dataset\augmented\udyam\images\SYN-UDYAM-000004_low_resolution.png,synthetic_doc_dataset\annotations\udyam\SYN-UDYAM-000004.json,1240,1754,SYNTHETIC / DEMO / NOT VALID,2026-09-05T07:35:27.004071+00:00
SYN-UDYAM-000005,SYN-UDYAM-000005,udyam,train,False,,synthetic_doc_dataset\raw\udyam\images\SYN-UDYAM-000005.png,synthetic_doc_dataset\annotations\udyam\SYN-UDYAM-000005.json,1240,1754,SYNTHETIC / DEMO / NOT VALID,2026-09-05T07:35:27.161879+00:00
SYN-UDYAM-000005_blur,SYN-UDYAM-000005,udyam,train,True,blur,synthetic_doc_dataset\augmented\udyam\images\SYN-UDYAM-000005_blur.png,synthetic_doc_dataset\annotations\udyam\SYN-UDYAM-000005.json,1240,1754,SYNTHETIC / DEMO / NOT VALID,2026-09-05T07:35:27.236478+00:00
SYN-UDYAM-000005_rotate,SYN-UDYAM-000005,udyam,train,True,rotate,synthetic_doc_dataset\augmented\udyam\images\SYN-UDYAM-000005_rotate.png,synthetic_doc_dataset\annotations\udyam\SYN-UDYAM-000005.json,1240,1754,SYNTHETIC / DEMO / NOT VALID,2026-09-05T07:35:27.271579+00:00
SYN-UDYAM-000005_low_contrast,SYN-UDYAM-000005,udyam,train,True,low_contrast,synthetic_doc_dataset\augmented\udyam\images\SYN-UDYAM-000005_low_contrast.png,synthetic_doc_dataset\annotations\udyam\SYN-UDYAM-000005.json,1240,1754,SYNTHETIC / DEMO / NOT VALID,2026-09-05T07:35:27.310857+00:00
SYN-UDYAM-000005_low_resolution,SYN-UDYAM-000005,udyam,train,True,low_resolution,synthetic_doc_dataset\augmented\udyam\images\SYN-UDYAM-000005_low_resolution.png,synthetic_doc_dataset\annotations\udyam\SYN-UDYAM-000005.json,1240,1754,SYNTHETIC / DEMO / NOT VALID,2026-09-05T07:35:27.359192+00:00
SYN-UDYAM-000006,SYN-UDYAM-000006,udyam,train,False,,synthetic_doc_dataset\raw\udyam\images\SYN-UDYAM-000006.png,synthetic_doc_dataset\annotations\udyam\SYN-UDYAM-000006.json,1240,1754,SYNTHETIC / DEMO / NOT VALID,2026-09-05T07:35:27.509648+00:00
SYN-UDYAM-000006_blur,SYN-UDYAM-000006,udyam,train,True,blur,synthetic_doc_dataset\augmented\udyam\images\SYN-UDYAM-000006_blur.png,synthetic_doc_dataset\annotations\udyam\SYN-UDYAM-000006.json,1240,1754,SYNTHETIC / DEMO / NOT VALID,2026-09-05T07:35:27.581631+00:00
SYN-UDYAM-000006_rotate,SYN-UDYAM-000006,udyam,train,True,rotate,synthetic_doc_dataset\augmented\udyam\images\SYN-UDYAM-000006_rotate.png,synthetic_doc_dataset\annotations\udyam\SYN-UDYAM-000006.json,1240,1754,SYNTHETIC / DEMO / NOT VALID,2026-09-05T07:35:27.617442+00:00
SYN-UDYAM-000006_low_contrast,SYN-UDYAM-000006,udyam,train,True,low_contrast,synthetic_doc_dataset\augmented\udyam\images\SYN-UDYAM-000006_low_contrast.png,synthetic_doc_dataset\annotations\udyam\SYN-UDYAM-000006.json,1240,1754,SYNTHETIC / DEMO / NOT VALID,2026-09-05T07:35:27.660207+00:00
SYN-UDYAM-000006_low_resolution,SYN-UDYAM-000006,udyam,train,True,low_resolution,synthetic_doc_dataset\augmented\udyam\images\SYN-UDYAM-000006_low_resolution.png,synthetic_doc_dataset\annotations\udyam\SYN-UDYAM-000006.json,1240,1754,SYNTHETIC / DEMO / NOT VALID,2026-09-05T07:35:27.710523+00:00
SYN-UDYAM-000007,SYN-UDYAM-000007,udyam,train,False,,synthetic_doc_dataset\raw\udyam\images\SYN-UDYAM-000007.png,synthetic_doc_dataset\annotations\udyam\SYN-UDYAM-000007.json,1240,1754,SYNTHETIC / DEMO / NOT VALID,2026-09-05T07:35:27.872713+00:00
SYN-UDYAM-000007_blur,SYN-UDYAM-000007,udyam,train,True,blur,synthetic_doc_dataset\augmented\udyam\images\SYN-UDYAM-000007_blur.png,synthetic_doc_dataset\annotations\udyam\SYN-UDYAM-000007.json,1240,1754,SYNTHETIC / DEMO / NOT VALID,2026-09-05T07:35:27.945866+00:00
SYN-UDYAM-000007_rotate,SYN-UDYAM-000007,udyam,train,True,rotate,synthetic_doc_dataset\augmented\udyam\images\SYN-UDYAM-000007_rotate.png,synthetic_doc_dataset\annotations\udyam\SYN-UDYAM-000007.json,1240,1754,SYNTHETIC / DEMO / NOT VALID,2026-09-05T07:35:27.981678+00:00
SYN-UDYAM-000007_low_contrast,SYN-UDYAM-000007,udyam,train,True,low_contrast,synthetic_doc_dataset\augmented\udyam\images\SYN-UDYAM-000007_low_contrast.png,synthetic_doc_dataset\annotations\udyam\SYN-UDYAM-000007.json,1240,1754,SYNTHETIC / DEMO / NOT VALID,2026-09-05T07:35:28.021947+00:00
SYN-UDYAM-000007_low_resolution,SYN-UDYAM-000007,udyam,train,True,low_resolution,synthetic_doc_dataset\augmented\udyam\images\SYN-UDYAM-000007_low_resolution.png,synthetic_doc_dataset\annotations\udyam\SYN-UDYAM-000007.json,1240,1754,SYNTHETIC / DEMO / NOT VALID,2026-09-05T07:35:28.072244+00:00
SYN-UDYAM-000008,SYN-UDYAM-000008,udyam,train,False,,synthetic_doc_dataset\raw\udyam\images\SYN-UDYAM-000008.png,synthetic_doc_dataset\annotations\udyam\SYN-UDYAM-000008.json,1240,1754,SYNTHETIC / DEMO / NOT VALID,2026-09-05T07:35:28.220226+00:00
SYN-UDYAM-000008_blur,SYN-UDYAM-000008,udyam,train,True,blur,synthetic_doc_dataset\augmented\udyam\images\SYN-UDYAM-000008_blur.png,synthetic_doc_dataset\annotations\udyam\SYN-UDYAM-000008.json,1240,1754,SYNTHETIC / DEMO / NOT VALID,2026-09-05T07:35:28.304833+00:00
SYN-UDYAM-000008_rotate,SYN-UDYAM-000008,udyam,train,True,rotate,synthetic_doc_dataset\augmented\udyam\images\SYN-UDYAM-000008_rotate.png,synthetic_doc_dataset\annotations\udyam\SYN-UDYAM-000008.json,1240,1754,SYNTHETIC / DEMO / NOT VALID,2026-09-05T07:35:28.343222+00:00
SYN-UDYAM-000008_low_contrast,SYN-UDYAM-000008,udyam,train,True,low_contrast,synthetic_doc_dataset\augmented\udyam\images\SYN-UDYAM-000008_low_contrast.png,synthetic_doc_dataset\annotations\udyam\SYN-UDYAM-000008.json,1240,1754,SYNTHETIC / DEMO / NOT VALID,2026-09-05T07:35:28.386655+00:00
SYN-UDYAM-000008_low_resolution,SYN-UDYAM-000008,udyam,train,True,low_resolution,synthetic_doc_dataset\augmented\udyam\images\SYN-UDYAM-000008_low_resolution.png,synthetic_doc_dataset\annotations\udyam\SYN-UDYAM-000008.json,1240,1754,SYNTHETIC / DEMO / NOT VALID,2026-09-05T07:35:28.434088+00:00
SYN-UDYAM-000009,SYN-UDYAM-000009,udyam,train,False,,synthetic_doc_dataset\raw\udyam\images\SYN-UDYAM-000009.png,synthetic_doc_dataset\annotations\udyam\SYN-UDYAM-000009.json,1240,1754,SYNTHETIC / DEMO / NOT VALID,2026-09-05T07:35:28.591226+00:00
SYN-UDYAM-000009_blur,SYN-UDYAM-000009,udyam,train,True,blur,synthetic_doc_dataset\augmented\udyam\images\SYN-UDYAM-000009_blur.png,synthetic_doc_dataset\annotations\udyam\SYN-UDYAM-000009.json,1240,1754,SYNTHETIC / DEMO / NOT VALID,2026-09-05T07:35:28.667909+00:00
SYN-UDYAM-000009_rotate,SYN-UDYAM-000009,udyam,train,True,rotate,synthetic_doc_dataset\augmented\udyam\images\SYN-UDYAM-000009_rotate.png,synthetic_doc_dataset\annotations\udyam\SYN-UDYAM-000009.json,1240,1754,SYNTHETIC / DEMO / NOT VALID,2026-09-05T07:35:28.704073+00:00
SYN-UDYAM-000009_low_contrast,SYN-UDYAM-000009,udyam,train,True,low_contrast,synthetic_doc_dataset\augmented\udyam\images\SYN-UDYAM-000009_low_contrast.png,synthetic_doc_dataset\annotations\udyam\SYN-UDYAM-000009.json,1240,1754,SYNTHETIC / DEMO / NOT VALID,2026-09-05T07:35:28.745864+00:00
SYN-UDYAM-000009_low_resolution,SYN-UDYAM-000009,udyam,train,True,low_resolution,synthetic_doc_dataset\augmented\udyam\images\SYN-UDYAM-000009_low_resolution.png,synthetic_doc_dataset\annotations\udyam\SYN-UDYAM-000009.json,1240,1754,SYNTHETIC / DEMO / NOT VALID,2026-09-05T07:35:28.792700+00:00
SYN-UDYAM-000010,SYN-UDYAM-000010,udyam,train,False,,synthetic_doc_dataset\raw\udyam\images\SYN-UDYAM-000010.png,synthetic_doc_dataset\annotations\udyam\SYN-UDYAM-000010.json,1240,1754,SYNTHETIC / DEMO / NOT VALID,2026-09-05T07:35:28.944089+00:00
SYN-UDYAM-000010_blur,SYN-UDYAM-000010,udyam,train,True,blur,synthetic_doc_dataset\augmented\udyam\images\SYN-UDYAM-000010_blur.png,synthetic_doc_dataset\annotations\udyam\SYN-UDYAM-000010.json,1240,1754,SYNTHETIC / DEMO / NOT VALID,2026-09-05T07:35:29.018272+00:00
SYN-UDYAM-000010_rotate,SYN-UDYAM-000010,udyam,train,True,rotate,synthetic_doc_dataset\augmented\udyam\images\SYN-UDYAM-000010_rotate.png,synthetic_doc_dataset\annotations\udyam\SYN-UDYAM-000010.json,1240,1754,SYNTHETIC / DEMO / NOT VALID,2026-09-05T07:35:29.055527+00:00
SYN-UDYAM-000010_low_contrast,SYN-UDYAM-000010,udyam,train,True,low_contrast,synthetic_doc_dataset\augmented\udyam\images\SYN-UDYAM-000010_low_contrast.png,synthetic_doc_dataset\annotations\udyam\SYN-UDYAM-000010.json,1240,1754,SYNTHETIC / DEMO / NOT VALID,2026-09-05T07:35:29.097763+00:00
SYN-UDYAM-000010_low_resolution,SYN-UDYAM-000010,udyam,train,True,low_resolution,synthetic_doc_dataset\augmented\udyam\images\SYN-UDYAM-000010_low_resolution.png,synthetic_doc_dataset\annotations\udyam\SYN-UDYAM-000010.json,1240,1754,SYNTHETIC / DEMO / NOT VALID,2026-09-05T07:35:29.145600+00:00
SYN-UDYAM-000011,SYN-UDYAM-000011,udyam,val,False,,synthetic_doc_dataset\raw\udyam\images\SYN-UDYAM-000011.png,synthetic_doc_dataset\annotations\udyam\SYN-UDYAM-000011.json,1240,1754,SYNTHETIC / DEMO / NOT VALID,2026-09-05T07:35:29.297230+00:00
SYN-UDYAM-000011_blur,SYN-UDYAM-000011,udyam,val,True,blur,synthetic_doc_dataset\augmented\udyam\images\SYN-UDYAM-000011_blur.png,synthetic_doc_dataset\annotations\udyam\SYN-UDYAM-000011.json,1240,1754,SYNTHETIC / DEMO / NOT VALID,2026-09-05T07:35:29.370997+00:00
SYN-UDYAM-000011_rotate,SYN-UDYAM-000011,udyam,val,True,rotate,synthetic_doc_dataset\augmented\udyam\images\SYN-UDYAM-000011_rotate.png,synthetic_doc_dataset\annotations\udyam\SYN-UDYAM-000011.json,1240,1754,SYNTHETIC / DEMO / NOT VALID,2026-09-05T07:35:29.405673+00:00
SYN-UDYAM-000011_low_contrast,SYN-UDYAM-000011,udyam,val,True,low_contrast,synthetic_doc_dataset\augmented\udyam\images\SYN-UDYAM-000011_low_contrast.png,synthetic_doc_dataset\annotations\udyam\SYN-UDYAM-000011.json,1240,1754,SYNTHETIC / DEMO / NOT VALID,2026-09-05T07:35:29.446004+00:00
SYN-UDYAM-000011_low_resolution,SYN-UDYAM-000011,udyam,val,True,low_resolution,synthetic_doc_dataset\augmented\udyam\images\SYN-UDYAM-000011_low_resolution.png,synthetic_doc_dataset\annotations\udyam\SYN-UDYAM-000011.json,1240,1754,SYNTHETIC / DEMO / NOT VALID,2026-09-05T07:35:29.497290+00:00
SYN-UDYAM-000012,SYN-UDYAM-000012,udyam,val,False,,synthetic_doc_dataset\raw\udyam\images\SYN-UDYAM-000012.png,synthetic_doc_dataset\annotations\udyam\SYN-UDYAM-000012.json,1240,1754,SYNTHETIC / DEMO / NOT VALID,2026-09-05T07:35:29.649429+00:00
SYN-UDYAM-000012_blur,SYN-UDYAM-000012,udyam,val,True,blur,synthetic_doc_dataset\augmented\udyam\images\SYN-UDYAM-000012_blur.png,synthetic_doc_dataset\annotations\udyam\SYN-UDYAM-000012.json,1240,1754,SYNTHETIC / DEMO / NOT VALID,2026-09-05T07:35:29.725306+00:00
SYN-UDYAM-000012_rotate,SYN-UDYAM-000012,udyam,val,True,rotate,synthetic_doc_dataset\augmented\udyam\images\SYN-UDYAM-000012_rotate.png,synthetic_doc_dataset\annotations\udyam\SYN-UDYAM-000012.json,1240,1754,SYNTHETIC / DEMO / NOT VALID,2026-09-05T07:35:29.758739+00:00
SYN-UDYAM-000012_low_contrast,SYN-UDYAM-000012,udyam,val,True,low_contrast,synthetic_doc_dataset\augmented\udyam\images\SYN-UDYAM-000012_low_contrast.png,synthetic_doc_dataset\annotations\udyam\SYN-UDYAM-000012.json,1240,1754,SYNTHETIC / DEMO / NOT VALID,2026-09-05T07:35:29.799390+00:00
SYN-UDYAM-000012_low_resolution,SYN-UDYAM-000012,udyam,val,True,low_resolution,synthetic_doc_dataset\augmented\udyam\images\SYN-UDYAM-000012_low_resolution.png,synthetic_doc_dataset\annotations\udyam\SYN-UDYAM-000012.json,1240,1754,SYNTHETIC / DEMO / NOT VALID,2026-09-05T07:35:29.853830+00:00
SYN-UDYAM-000013,SYN-UDYAM-000013,udyam,test,False,,synthetic_doc_dataset\raw\udyam\images\SYN-UDYAM-000013.png,synthetic_doc_dataset\annotations\udyam\SYN-UDYAM-000013.json,1240,1754,SYNTHETIC / DEMO / NOT VALID,2026-09-05T07:35:30.010127+00:00
SYN-UDYAM-000013_blur,SYN-UDYAM-000013,udyam,test,True,blur,synthetic_doc_dataset\augmented\udyam\images\SYN-UDYAM-000013_blur.png,synthetic_doc_dataset\annotations\udyam\SYN-UDYAM-000013.json,1240,1754,SYNTHETIC / DEMO / NOT VALID,2026-09-05T07:35:30.086024+00:00
SYN-UDYAM-000013_rotate,SYN-UDYAM-000013,udyam,test,True,rotate,synthetic_doc_dataset\augmented\udyam\images\SYN-UDYAM-000013_rotate.png,synthetic_doc_dataset\annotations\udyam\SYN-UDYAM-000013.json,1240,1754,SYNTHETIC / DEMO / NOT VALID,2026-09-05T07:35:30.121318+00:00
SYN-UDYAM-000013_low_contrast,SYN-UDYAM-000013,udyam,test,True,low_contrast,synthetic_doc_dataset\augmented\udyam\images\SYN-UDYAM-000013_low_contrast.png,synthetic_doc_dataset\annotations\udyam\SYN-UDYAM-000013.json,1240,1754,SYNTHETIC / DEMO / NOT VALID,2026-09-05T07:35:30.164140+00:00
SYN-UDYAM-000013_low_resolution,SYN-UDYAM-000013,udyam,test,True,low_resolution,synthetic_doc_dataset\augmented\udyam\images\SYN-UDYAM-000013_low_resolution.png,synthetic_doc_dataset\annotations\udyam\SYN-UDYAM-000013.json,1240,1754,SYNTHETIC / DEMO / NOT VALID,2026-09-05T07:35:30.216275+00:00
SYN-UDYAM-000014,SYN-UDYAM-000014,udyam,test,False,,synthetic_doc_dataset\raw\udyam\images\SYN-UDYAM-000014.png,synthetic_doc_dataset\annotations\udyam\SYN-UDYAM-000014.json,1240,1754,SYNTHETIC / DEMO / NOT VALID,2026-09-05T07:35:30.396558+00:00
SYN-UDYAM-000014_blur,SYN-UDYAM-000014,udyam,test,True,blur,synthetic_doc_dataset\augmented\udyam\images\SYN-UDYAM-000014_blur.png,synthetic_doc_dataset\annotations\udyam\SYN-UDYAM-000014.json,1240,1754,SYNTHETIC / DEMO / NOT VALID,2026-09-05T07:35:30.471230+00:00
SYN-UDYAM-000014_rotate,SYN-UDYAM-000014,udyam,test,True,rotate,synthetic_doc_dataset\augmented\udyam\images\SYN-UDYAM-000014_rotate.png,synthetic_doc_dataset\annotations\udyam\SYN-UDYAM-000014.json,1240,1754,SYNTHETIC / DEMO / NOT VALID,2026-09-05T07:35:30.504917+00:00
SYN-UDYAM-000014_low_contrast,SYN-UDYAM-000014,udyam,test,True,low_contrast,synthetic_doc_dataset\augmented\udyam\images\SYN-UDYAM-000014_low_contrast.png,synthetic_doc_dataset\annotations\udyam\SYN-UDYAM-000014.json,1240,1754,SYNTHETIC / DEMO / NOT VALID,2026-09-05T07:35:30.545960+00:00
SYN-UDYAM-000014_low_resolution,SYN-UDYAM-000014,udyam,test,True,low_resolution,synthetic_doc_dataset\augmented\udyam\images\SYN-UDYAM-000014_low_resolution.png,synthetic_doc_dataset\annotations\udyam\SYN-UDYAM-000014.json,1240,1754,SYNTHETIC / DEMO / NOT VALID,2026-09-05T07:35:30.593044+00:00
SYN-UDYAM-000015,SYN-UDYAM-000015,udyam,test,False,,synthetic_doc_dataset\raw\udyam\images\SYN-UDYAM-000015.png,synthetic_doc_dataset\annotations\udyam\SYN-UDYAM-000015.json,1240,1754,SYNTHETIC / DEMO / NOT VALID,2026-09-05T07:35:30.749788+00:00
SYN-UDYAM-000015_blur,SYN-UDYAM-000015,udyam,test,True,blur,synthetic_doc_dataset\augmented\udyam\images\SYN-UDYAM-000015_blur.png,synthetic_doc_dataset\annotations\udyam\SYN-UDYAM-000015.json,1240,1754,SYNTHETIC / DEMO / NOT VALID,2026-09-05T07:35:30.822594+00:00
SYN-UDYAM-000015_rotate,SYN-UDYAM-000015,udyam,test,True,rotate,synthetic_doc_dataset\augmented\udyam\images\SYN-UDYAM-000015_rotate.png,synthetic_doc_dataset\annotations\udyam\SYN-UDYAM-000015.json,1240,1754,SYNTHETIC / DEMO / NOT VALID,2026-09-05T07:35:30.857349+00:00
SYN-UDYAM-000015_low_contrast,SYN-UDYAM-000015,udyam,test,True,low_contrast,synthetic_doc_dataset\augmented\udyam\images\SYN-UDYAM-000015_low_contrast.png,synthetic_doc_dataset\annotations\udyam\SYN-UDYAM-000015.json,1240,1754,SYNTHETIC / DEMO / NOT VALID,2026-09-05T07:35:30.897460+00:00
SYN-UDYAM-000015_low_resolution,SYN-UDYAM-000015,udyam,test,True,low_resolution,synthetic_doc_dataset\augmented\udyam\images\SYN-UDYAM-000015_low_resolution.png,synthetic_doc_dataset\annotations\udyam\SYN-UDYAM-000015.json,1240,1754,SYNTHETIC / DEMO / NOT VALID,2026-09-05T07:35:30.945682+00:00
